Rk,Player,Nation,Pos,Squad,Age,Born,MP,Starts,Min,90s,Gls,Ast,G+A,G-PK,PK,PKatt,CrdY,CrdR,xG,npxG,xAG,npxG+xAG,PrgC,PrgP,PrgR,Gls,Ast,G+A,G-PK,G+A-PK,xG,xAG,xG+xAG,npxG,npxG+xAG,Matches
1,Rodrigo Abascal,uy URU,DF,Boavista,30-335,1994,11,11,990,11.0,0.00,0.00,0.00,0.00,0.00,0.00,0.27,0.00,0.05,0.05,0.05,0.10,0.55,1.82,0.91,0.00,0.00,0.00,0.00,0.00,0.05,0.05,0.10,0.05,0.10,Matches
2,Bilal Abdelrahman Zeeni,eg EGY,MF,Estrela,21-328,2003,1,0,8,0.1,0.00,0.00,0.00,0.00,0.00,0.00,0.00,0.00,0.00,0.00,1.00,1.00,0.00,10.0,10.0,0.00,0.00,0.00,0.00,0.00,0.18,0.81,0.98,0.18,0.98,Matches
3,Giorgi Aburjania,ge GEO,MF,AVS Futebol,29-347,1995,8,3,288,3.2,0.00,0.00,0.00,0.00,0.00,0.00,0.00,0.00,0.09,0.09,0.19,0.28,0.94,6.25,1.25,0.00,0.00,0.00,0.00,0.00,0.10,0.18,0.28,0.10,0.28,Matches
4,Adriano,br BRA,MF,Santa Clara,25-040,1999,12,11,909,10.1,0.00,0.10,0.10,0.00,0.00,0.00,0.30,0.10,0.02,0.02,0.08,0.10,1.19,3.86,0.79,0.00,0.10,0.10,0.00,0.10,0.02,0.08,0.10,0.02,0.10,Matches
5,Lucas �frico,br BRA,DF,Farense,29-313,1995,11,11,975,10.8,0.00,0.00,0.00,0.00,0.00,0.00,0.37,0.00,0.04,0.04,0.00,0.04,0.28,1.20,0.19,0.00,0.00,0.00,0.00,0.00,0.04,0.00,0.04,0.04,0.04,Matches
6,Salvador Agra,pt POR,"MF,DF",Boavista,33-033,1991,13,13,1.167,13.0,0.00,0.00,0.00,0.00,0.00,0.00,0.23,0.00,0.07,0.07,0.17,0.24,2.31,2.69,6.62,0.00,0.00,0.00,0.00,0.00,0.07,0.17,0.24,0.07,0.24,Matches
7,Brandon Aguilera,cr CRC,"MF,FW",Rio Ave,21-169,2003,11,3,299,3.3,0.30,0.00,0.30,0.30,0.00,0.00,0.00,0.00,0.15,0.15,0.15,0.30,1.82,3.94,3.94,0.30,0.00,0.30,0.30,0.30,0.14,0.16,0.30,0.14,0.30,Matches
8,Jorge Aguirre,es ESP,FW,Gil Vicente FC,24-344,2000,13,6,553,6.1,0.49,0.00,0.49,0.49,0.00,0.00,0.33,0.00,0.34,0.34,0.05,0.39,0.66,1.64,4.26,0.49,0.00,0.49,0.49,0.49,0.34,0.05,0.39,0.34,0.39,Matches
9,Babatunde Akinsola,ng NGA,"FW,MF",AVS Futebol,21-279,2003,10,4,329,3.7,0.27,0.27,0.54,0.27,0.00,0.00,0.00,0.00,0.32,0.32,0.03,0.38,1.62,2.16,7.03,0.27,0.27,0.55,0.27,0.55,0.34,0.04,0.38,0.34,0.38,Matches
10,Kerem Akt�rko?lu,tr TUR,"FW,MF",Benfica,26-054,1998,8,8,560,6.2,0.97,0.48,1.45,0.97,0.00,0.00,0.00,0.00,0.39,0.39,0.23,0.60,2.90,3.87,10.0,0.96,0.48,1.45,0.96,1.45,0.38,0.22,0.60,0.38,0.60,Matches
11,L�o Alaba,br BRA,DF,AVS Futebol,25-166,1999,4,4,334,3.7,0.00,0.00,0.00,0.00,0.00,0.00,0.27,0.00,0.03,0.03,0.00,0.03,0.54,3.24,5.41,0.00,0.00,0.00,0.00,0.00,0.03,0.00,0.03,0.03,0.03,Matches
12,Alan,br BRA,MF,Moreirense,24-281,2000,11,11,826,9.2,0.11,0.33,0.43,0.00,0.11,0.11,0.33,0.00,0.14,0.05,0.22,0.27,1.30,6.52,2.93,0.11,0.33,0.44,0.00,0.33,0.14,0.22,0.36,0.06,0.28,Matches
13,Gon�alo Almeida,pt POR,"MF,DF",Boavista,21-222,2003,10,3,332,3.7,0.00,0.00,0.00,0.00,0.00,0.00,0.27,0.00,0.08,0.08,0.16,0.24,1.08,2.43,5.14,0.00,0.00,0.00,0.00,0.00,0.07,0.16,0.23,0.07,0.23,Matches
14,Pedro �lvaro,pt POR,DF,Estoril,24-287,2000,12,12,1.08,12.0,0.08,0.08,0.17,0.08,0.00,0.00,0.42,0.00,0.06,0.06,0.02,0.09,0.25,1.58,0.08,0.08,0.08,0.17,0.08,0.17,0.06,0.03,0.09,0.06,0.09,Matches
15,Pedro Amaral,pt POR,DF,Estoril,27-111,1997,10,10,823,9.1,0.00,0.22,0.22,0.00,0.00,0.00,0.11,0.00,0.01,0.01,0.18,0.19,1.65,3.52,4.40,0.00,0.22,0.22,0.00,0.22,0.01,0.17,0.18,0.01,0.18,Matches
16,Zeki Amdouni,ch SUI,"MF,FW",Benfica,24-010,2000,8,0,150,1.7,1.18,0.00,1.18,1.18,0.00,0.00,0.59,0.00,1.00,1.00,0.06,1.06,1.18,2.35,6.47,1.20,0.00,1.20,1.20,1.20,1.03,0.04,1.07,1.03,1.07,Matches
17,Artur Jorge Marques Amorim,pt POR,DF,Farense,30-122,1994,8,8,676,7.5,0.00,0.00,0.00,0.00,0.00,0.00,0.53,0.00,0.12,0.12,0.01,0.13,0.13,1.33,0.00,0.00,0.00,0.00,0.00,0.00,0.12,0.01,0.13,0.12,0.13,Matches
18,Andrew,br BRA,GK,Gil Vicente FC,23-166,2001,13,13,1.17,13.0,0.00,0.00,0.00,0.00,0.00,0.00,0.08,0.00,0.00,0.00,0.00,0.00,0.00,0.00,0.00,0.00,0.00,0.00,0.00,0.00,0.00,0.00,0.00,0.00,0.00,Matches
19,Jeremy Antonisse,cw CUW,"FW,MF",Moreirense,22-260,2002,12,5,397,4.4,0.00,0.00,0.00,0.00,0.00,0.00,0.00,0.00,0.32,0.32,0.20,0.52,2.50,1.36,5.45,0.00,0.00,0.00,0.00,0.00,0.33,0.20,0.53,0.33,0.53,Matches
20,Arvin Appiah,eng ENG,"FW,MF",Nacional,23-344,2001,10,6,439,4.9,0.00,0.00,0.00,0.00,0.00,0.00,0.20,0.00,0.10,0.10,0.06,0.16,2.65,1.43,5.92,0.00,0.00,0.00,0.00,0.00,0.10,0.07,0.17,0.10,0.17,Matches
21,�scar Aranda,es ESP,FW,Famalic�o,22-229,2002,13,13,1.058,11.8,0.25,0.08,0.34,0.17,0.08,0.17,0.25,0.00,0.24,0.10,0.10,0.19,2.54,4.66,4.41,0.26,0.09,0.34,0.17,0.26,0.23,0.10,0.33,0.10,0.20,Matches
22,Henrique Ara�jo,pt POR,FW,Arouca,22-330,2002,9,5,441,4.9,0.41,0.00,0.41,0.41,0.00,0.00,0.41,0.00,0.41,0.41,0.02,0.45,1.22,2.24,4.29,0.41,0.00,0.41,0.41,0.41,0.42,0.03,0.44,0.42,0.44,Matches
23,Maximiliano Ara�jo,uy URU,"MF,DF",Sporting CP,24-303,2000,9,4,402,4.5,0.22,0.00,0.22,0.22,0.00,0.00,0.00,0.00,0.09,0.09,0.22,0.31,1.56,4.44,11.8,0.22,0.00,0.22,0.22,0.22,0.09,0.22,0.31,0.09,0.31,Matches
24,Tom�s Ara�jo,pt POR,DF,Benfica,22-212,2002,10,10,891,9.9,0.00,0.10,0.10,0.00,0.00,0.00,0.00,0.00,0.04,0.04,0.02,0.07,1.52,6.46,1.01,0.00,0.10,0.10,0.00,0.10,0.04,0.02,0.07,0.04,0.07,Matches
25,Telmo Arcanjo,cv CPV,FW,Vit�ria,23-176,2001,8,2,204,2.3,0.00,0.00,0.00,0.00,0.00,0.00,0.43,0.00,0.30,0.30,0.04,0.35,2.61,3.91,11.3,0.00,0.00,0.00,0.00,0.00,0.30,0.04,0.33,0.30,0.33,Matches
26,Bright Arrey-Mbi,de GER,DF,Braga,21-263,2003,7,7,595,6.6,0.00,0.00,0.00,0.00,0.00,0.00,0.15,0.15,0.00,0.00,0.02,0.02,0.30,2.88,0.00,0.00,0.00,0.00,0.00,0.00,0.00,0.01,0.02,0.00,0.02,Matches
27,Gustavo Assuncao,pt POR,MF,AVS Futebol,24-259,2000,8,8,651,7.2,0.28,0.00,0.28,0.00,0.28,0.28,0.69,0.00,0.24,0.01,0.03,0.04,0.14,3.33,0.56,0.28,0.00,0.28,0.00,0.00,0.23,0.03,0.27,0.01,0.05,Matches
28,Otavio Ataide,br BRA,DF,Porto,22-237,2002,7,7,630,7.0,0.00,0.00,0.00,0.00,0.00,0.00,0.29,0.00,0.11,0.11,0.01,0.13,0.86,5.57,1.14,0.00,0.00,0.00,0.00,0.00,0.11,0.01,0.13,0.11,0.13,Matches
29,Jo�o Aur�lio,pt POR,DF,Nacional,36-119,1988,2,0,36,0.4,0.00,0.00,0.00,0.00,0.00,0.00,0.00,0.00,0.00,0.00,0.00,0.00,0.00,5.00,0.00,0.00,0.00,0.00,0.00,0.00,0.00,0.00,0.00,0.00,0.00,Matches
30,Fredrik Aursnes,no NOR,"MF,FW",Benfica,29-004,1995,10,10,811,9.0,0.11,0.22,0.33,0.11,0.00,0.00,0.00,0.00,0.07,0.07,0.19,0.26,2.11,6.22,6.56,0.11,0.22,0.33,0.11,0.33,0.06,0.19,0.25,0.06,0.25,Matches
31,Felix Bacher,at AUT,DF,Estoril,24-050,2000,3,3,270,3.0,0.00,0.00,0.00,0.00,0.00,0.00,0.33,0.00,0.00,0.00,0.00,0.00,0.00,2.33,0.00,0.00,0.00,0.00,0.00,0.00,0.00,0.00,0.00,0.00,0.00,Matches
32,Miguel Baeza,es ESP,"MF,FW",Nacional,24-262,2000,5,2,203,2.3,0.43,0.00,0.43,0.43,0.00,0.00,0.00,0.00,0.17,0.17,0.00,0.17,0.87,2.61,1.74,0.44,0.00,0.44,0.44,0.44,0.18,0.01,0.19,0.18,0.19,Matches
33,Alexander Bah,dk DEN,DF,Benfica,27-005,1997,10,10,842,9.4,0.00,0.11,0.11,0.00,0.00,0.00,0.00,0.00,0.03,0.03,0.07,0.11,2.66,5.85,7.55,0.00,0.11,0.11,0.00,0.11,0.03,0.07,0.10,0.03,0.10,Matches
34,Elves Bald�,gw GNB,"FW,MF",Farense,25-073,1999,10,6,496,5.5,0.18,0.00,0.18,0.18,0.00,0.00,0.00,0.00,0.31,0.31,0.02,0.33,2.00,1.82,2.91,0.18,0.00,0.18,0.18,0.18,0.30,0.02,0.32,0.30,0.32,Matches
35,Robson Bambu,br BRA,DF,Braga,27-032,1997,2,2,180,2.0,0.00,0.00,0.00,0.00,0.00,0.00,0.00,0.00,0.05,0.05,0.00,0.05,1.00,8.00,0.50,0.00,0.00,0.00,0.00,0.00,0.03,0.00,0.03,0.03,0.03,Matches
36,Simon Banza,cd COD,FW,Braga,28-123,1996,1,0,21,0.2,0.00,0.00,0.00,0.00,0.00,0.00,0.00,0.00,0.00,0.00,0.00,0.00,0.00,5.00,5.00,0.00,0.00,0.00,0.00,0.00,0.00,0.00,0.00,0.00,0.00,Matches
37,Rafael Barbosa,pt POR,"MF,FW",Farense,28-260,1996,7,3,359,4.0,0.00,0.00,0.00,0.00,0.00,0.00,0.50,0.00,0.05,0.05,0.15,0.20,1.25,7.00,5.25,0.00,0.00,0.00,0.00,0.00,0.04,0.15,0.19,0.04,0.19,Matches
38,Leandro Barreiro Martins,lu LUX,MF,Benfica,24-346,2000,8,5,430,4.8,0.00,0.00,0.00,0.00,0.00,0.00,0.21,0.00,0.00,0.00,0.02,0.02,0.42,3.33,2.50,0.00,0.00,0.00,0.00,0.00,0.00,0.02,0.02,0.00,0.02,Matches
39,Gil Basti�o Dias,pt POR,FW,Famalic�o,28-077,1996,11,6,669,7.4,0.41,0.00,0.41,0.41,0.00,0.00,0.41,0.00,0.19,0.19,0.03,0.22,2.97,2.97,7.84,0.40,0.00,0.40,0.40,0.40,0.19,0.03,0.22,0.19,0.22,Matches
40,Gabriel Batista,br BRA,GK,Santa Clara,26-194,1998,13,13,1.17,13.0,0.00,0.00,0.00,0.00,0.00,0.00,0.15,0.00,0.00,0.00,0.00,0.00,0.00,0.00,0.00,0.00,0.00,0.00,0.00,0.00,0.00,0.00,0.00,0.00,0.00,Matches
41,Ricardo Batista,pt POR,GK,Casa Pia,38-025,1986,1,1,90,1.0,0.00,0.00,0.00,0.00,0.00,0.00,0.00,0.00,0.00,0.00,0.00,0.00,0.00,0.00,0.00,0.00,0.00,0.00,0.00,0.00,0.00,0.00,0.00,0.00,0.00,Matches
42,Yanis Begraoui,ma MAR,"FW,MF",Estoril,23-163,2001,13,8,674,7.5,0.00,0.13,0.13,0.00,0.00,0.13,0.13,0.00,0.29,0.19,0.01,0.21,1.20,2.13,4.13,0.00,0.13,0.13,0.00,0.13,0.30,0.02,0.31,0.19,0.21,Matches
43,Gui Beleza,pt POR,MF,Gil Vicente FC,18-005,2006,1,0,1,0.0,0,0,0,0,0,0,0,0,0.0,0.0,0.0,0.0,0,0,0,0.00,0.00,0.00,0.00,0.00,0.00,0.00,0.00,0.00,0.00,Matches
44,Bachir Belloumi,dz ALG,FW,Farense,22-196,2002,3,3,270,3.0,0.00,0.00,0.00,0.00,0.00,0.00,0.00,0.00,0.07,0.07,0.03,0.10,2.67,4.67,6.67,0.00,0.00,0.00,0.00,0.00,0.08,0.02,0.10,0.08,0.10,Matches
45,Fahem Benaissa Yahia,fr FRA,"MF,DF",Casa Pia,22-229,2002,2,0,14,0.2,0.00,0.00,0.00,0.00,0.00,0.00,0.00,0.00,0.00,0.00,0.00,0.00,0.00,5.00,0.00,0.00,0.00,0.00,0.00,0.00,0.00,0.00,0.00,0.00,0.00,Matches
46,Beni,ao ANG,MF,Casa Pia,22-207,2002,7,5,451,5.0,0.00,0.00,0.00,0.00,0.00,0.00,0.20,0.00,0.02,0.02,0.02,0.04,0.80,5.00,0.80,0.00,0.00,0.00,0.00,0.00,0.01,0.03,0.04,0.01,0.04,Matches
47,�lex Bermejo,es ESP,"MF,FW",Farense,26-003,1998,9,4,387,4.3,0.23,0.00,0.23,0.23,0.00,0.00,0.47,0.00,0.33,0.33,0.09,0.42,1.86,2.33,6.05,0.23,0.00,0.23,0.23,0.23,0.31,0.10,0.41,0.31,0.41,Matches
48,Sim�o Bertelli,br BRA,GK,AVS Futebol,31-195,1993,6,6,540,6.0,0.00,0.00,0.00,0.00,0.00,0.00,0.00,0.00,0.00,0.00,0.00,0.00,0.00,0.00,0.00,0.00,0.00,0.00,0.00,0.00,0.00,0.00,0.00,0.00,0.00,Matches
49,Jan-Niklas Beste,de GER,"FW,DF",Benfica,25-345,1999,8,3,286,3.2,0.00,0.00,0.00,0.00,0.00,0.00,0.31,0.00,0.22,0.22,0.28,0.50,4.06,4.38,12.5,0.00,0.00,0.00,0.00,0.00,0.21,0.29,0.50,0.21,0.50,Matches
50,Jos� Bica,pt POR,"FW,MF",Vit�ria,21-181,2003,2,0,17,0.2,0.00,0.00,0.00,0.00,0.00,0.00,0.00,0.00,0.00,0.00,0.50,0.50,0.00,0.00,0.00,0.00,0.00,0.00,0.00,0.00,0.18,0.29,0.48,0.18,0.48,Matches
51,Ra�l Blanco,es ESP,FW,Casa Pia,23-136,2001,5,3,250,2.8,0.36,0.00,0.36,0.36,0.00,0.00,0.36,0.00,0.11,0.11,0.00,0.11,0.71,3.93,5.00,0.36,0.00,0.36,0.36,0.36,0.11,0.00,0.11,0.11,0.11,Matches
52,K�vin Boma,tg TOG,DF,Estoril,22-024,2002,9,9,810,9.0,0.00,0.00,0.00,0.00,0.00,0.00,0.11,0.00,0.04,0.04,0.01,0.06,0.00,0.67,0.00,0.00,0.00,0.00,0.00,0.00,0.05,0.01,0.06,0.05,0.06,Matches
53,Kiko Bondoso,pt POR,"FW,MF",Rio Ave,29-027,1995,12,10,779,8.7,0.11,0.11,0.23,0.11,0.00,0.00,0.00,0.00,0.15,0.15,0.17,0.32,2.41,2.53,7.13,0.12,0.12,0.23,0.12,0.23,0.15,0.18,0.32,0.15,0.32,Matches
54,Toni Borevkovic,hr CRO,DF,Vit�ria,27-179,1997,11,11,980,10.9,0.00,0.00,0.00,0.00,0.00,0.00,0.18,0.00,0.03,0.03,0.00,0.03,0.37,2.48,0.00,0.00,0.00,0.00,0.00,0.00,0.03,0.00,0.03,0.03,0.03,Matches
55,Daniel Borges,br BRA,"MF,FW",Santa Clara,21-252,2003,2,0,22,0.2,0.00,0.00,0.00,0.00,0.00,0.00,0.00,0.00,0.50,0.50,0.00,0.50,0.00,0.00,5.00,0.00,0.00,0.00,0.00,0.00,0.40,0.00,0.40,0.40,0.40,Matches
56,Gon�alo Borges,pt POR,FW,Porto,23-260,2001,9,1,141,1.6,0.00,0.63,0.63,0.00,0.00,0.00,1.25,0.00,0.13,0.13,0.69,0.81,6.88,1.25,17.5,0.00,0.64,0.64,0.00,0.64,0.12,0.70,0.82,0.12,0.82,Matches
57,R�bert Bo�en�k,sk SVK,FW,Boavista,25-026,1999,13,13,1.157,12.9,0.00,0.00,0.00,0.00,0.00,0.00,0.16,0.00,0.29,0.29,0.00,0.29,0.54,1.63,4.88,0.00,0.00,0.00,0.00,0.00,0.29,0.00,0.29,0.29,0.29,Matches
58,Daniel Bragan�a,pt POR,MF,Sporting CP,25-201,1999,13,10,851,9.5,0.32,0.32,0.63,0.32,0.00,0.00,0.32,0.00,0.27,0.27,0.15,0.42,1.16,7.79,3.58,0.32,0.32,0.63,0.32,0.63,0.27,0.15,0.42,0.27,0.42,Matches
59,Bruno Brigido,br BRA,GK,Estrela,33-280,1991,13,13,1.125,12.5,0.00,0.00,0.00,0.00,0.00,0.00,0.00,0.00,0.00,0.00,0.00,0.00,0.00,0.00,0.00,0.00,0.00,0.00,0.00,0.00,0.00,0.00,0.00,0.00,0.00,Matches
60,Rafael Brito,pt POR,MF,Casa Pia,22-330,2002,10,5,430,4.8,0.00,0.21,0.21,0.00,0.00,0.00,0.63,0.00,0.00,0.00,0.04,0.04,0.21,3.13,1.25,0.00,0.21,0.21,0.00,0.21,0.01,0.04,0.05,0.01,0.05,Matches
61,Bruma,pt POR,"FW,MF",Braga,30-051,1994,11,7,698,7.8,0.64,0.51,1.15,0.38,0.26,0.38,0.13,0.00,0.76,0.45,0.54,0.99,3.72,4.74,8.97,0.64,0.52,1.16,0.39,0.90,0.76,0.54,1.30,0.45,1.00,Matches
62,Jonathan Buatu Mananga,ao ANG,DF,Gil Vicente FC,31-078,1993,12,11,1.014,11.3,0.00,0.09,0.09,0.00,0.00,0.00,0.00,0.00,0.03,0.03,0.04,0.06,0.53,2.74,0.00,0.00,0.09,0.09,0.00,0.09,0.03,0.04,0.06,0.03,0.06,Matches
63,Leonel Bucca,ar ARG,"MF,FW",Estrela,25-269,1999,12,8,596,6.6,0.30,0.00,0.30,0.30,0.00,0.00,0.45,0.00,0.23,0.23,0.08,0.30,0.76,3.18,2.42,0.30,0.00,0.30,0.30,0.30,0.23,0.08,0.31,0.23,0.31,Matches
64,Adri�n Butzke,es ESP,FW,Nacional,25-259,1999,10,5,484,5.4,0.00,0.19,0.19,0.00,0.00,0.00,0.37,0.00,0.31,0.31,0.07,0.39,0.74,2.41,4.63,0.00,0.19,0.19,0.00,0.19,0.31,0.08,0.39,0.31,0.39,Matches
65,Arthur Cabral,br BRA,FW,Benfica,26-233,1998,10,0,119,1.3,0.77,0.00,0.77,0.77,0.00,0.00,0.00,0.00,0.38,0.38,1.08,1.46,0.77,0.00,7.69,0.76,0.00,0.76,0.76,0.76,0.40,1.06,1.46,0.40,1.46,Matches
66,Jovane Cabral,cv CPV,"FW,MF",Estrela,26-183,1998,9,7,478,5.3,0.00,0.19,0.19,0.00,0.00,0.19,0.00,0.00,0.26,0.11,0.11,0.23,2.08,3.58,4.72,0.00,0.19,0.19,0.00,0.19,0.26,0.12,0.38,0.11,0.23,Matches
67,Lucas Calegari,br BRA,DF,Famalic�o,22-291,2002,13,13,1.102,12.2,0.00,0.08,0.08,0.00,0.00,0.00,0.00,0.00,0.01,0.01,0.05,0.06,1.07,2.21,3.28,0.00,0.08,0.08,0.00,0.08,0.01,0.05,0.06,0.01,0.06,Matches
68,Diogo Calila,pt POR,"MF,DF",Santa Clara,26-065,1998,12,8,681,7.6,0.13,0.13,0.26,0.13,0.00,0.00,0.53,0.00,0.05,0.05,0.09,0.14,1.05,2.89,5.53,0.13,0.13,0.26,0.13,0.26,0.06,0.09,0.14,0.06,0.14,Matches
69,Ibrahima Camar�,gn GUI,MF,Boavista,25-324,1999,12,10,744,8.3,0.00,0.00,0.00,0.00,0.00,0.00,0.36,0.00,0.01,0.01,0.02,0.02,0.24,3.37,0.24,0.00,0.00,0.00,0.00,0.00,0.01,0.02,0.02,0.01,0.02,Matches
70,Andr� Candeias,pt POR,"FW,MF",Farense,21-329,2003,2,0,35,0.4,0.00,0.00,0.00,0.00,0.00,0.00,0.00,0.00,0.25,0.25,0.00,0.25,5.00,2.50,22.5,0.00,0.00,0.00,0.00,0.00,0.20,0.00,0.20,0.20,0.20,Matches
71,Z� Carlos,pt POR,MF,Vit�ria,23-045,2001,4,0,31,0.3,0.00,0.00,0.00,0.00,0.00,0.00,0.00,0.00,0.00,0.00,0.00,0.00,0.00,10.0,13.3,0.00,0.00,0.00,0.00,0.00,0.00,0.00,0.00,0.00,0.00,Matches
72,Z� Carlos,pt POR,DF,Gil Vicente FC,26-136,1998,11,11,955,10.6,0.00,0.00,0.00,0.00,0.00,0.00,0.09,0.00,0.02,0.02,0.06,0.08,1.32,3.68,2.36,0.00,0.00,0.00,0.00,0.00,0.02,0.05,0.08,0.02,0.08,Matches
73,�lvaro Carreras,es ESP,DF,Benfica,21-266,2003,12,10,999,11.1,0.18,0.09,0.27,0.18,0.00,0.00,0.45,0.00,0.10,0.10,0.08,0.18,2.79,6.49,7.48,0.18,0.09,0.27,0.18,0.27,0.10,0.08,0.18,0.10,0.18,Matches
74,Jo�o Carvalho,pt POR,"FW,MF",Estoril,27-280,1997,9,8,660,7.3,0.27,0.00,0.27,0.27,0.00,0.00,0.41,0.00,0.07,0.07,0.04,0.11,1.51,6.16,2.88,0.27,0.00,0.27,0.27,0.27,0.07,0.03,0.10,0.07,0.10,Matches
75,Pedro Carvalho,pt POR,DF,Estoril,21-304,2003,8,2,287,3.2,0.00,0.00,0.00,0.00,0.00,0.00,0.31,0.00,0.09,0.09,0.09,0.19,4.69,4.69,6.25,0.00,0.00,0.00,0.00,0.00,0.11,0.08,0.19,0.11,0.19,Matches
76,Vitor Carvalho,br BRA,MF,Braga,27-201,1997,13,13,1.085,12.1,0.00,0.00,0.00,0.00,0.00,0.00,0.25,0.00,0.07,0.07,0.05,0.12,0.66,4.55,1.16,0.00,0.00,0.00,0.00,0.00,0.08,0.05,0.12,0.08,0.12,Matches
77,Facundo C�seres,ar ARG,MF,Gil Vicente FC,23-200,2001,2,1,83,0.9,0.00,0.00,0.00,0.00,0.00,0.00,1.11,0.00,0.00,0.00,0.00,0.00,0.00,3.33,0.00,0.00,0.00,0.00,0.00,0.00,0.02,0.00,0.02,0.02,0.02,Matches
78,Cassiano,br BRA,FW,Casa Pia,35-181,1989,8,7,588,6.5,0.62,0.00,0.62,0.15,0.46,0.46,0.15,0.00,0.57,0.20,0.03,0.23,0.92,0.46,2.15,0.61,0.00,0.61,0.15,0.15,0.56,0.04,0.60,0.20,0.23,Matches
79,Jes�s Castillo,pe PER,MF,Gil Vicente FC,23-186,2001,10,7,597,6.6,0.00,0.00,0.00,0.00,0.00,0.00,0.15,0.00,0.11,0.11,0.12,0.23,0.61,4.39,1.52,0.00,0.00,0.00,0.00,0.00,0.11,0.12,0.23,0.11,0.23,Matches
80,Andr� Castro,pt POR,MF,Moreirense,36-256,1988,1,0,17,0.2,0.00,0.00,0.00,0.00,0.00,0.00,0.00,0.00,0.00,0.00,0.00,0.00,0.00,0.00,0.00,0.00,0.00,0.00,0.00,0.00,0.00,0.00,0.00,0.00,0.00,Matches
81,Cristian Castro,co COL,DF,AVS Futebol,23-324,2001,12,12,992,11.0,0.00,0.00,0.00,0.00,0.00,0.00,0.27,0.00,0.01,0.01,0.07,0.08,0.45,2.55,0.00,0.00,0.00,0.00,0.00,0.00,0.01,0.07,0.08,0.01,0.08,Matches
82,Geny Catamo,mz MOZ,"MF,DF",Sporting CP,23-323,2001,12,8,805,8.9,0.22,0.22,0.45,0.22,0.00,0.00,0.22,0.00,0.12,0.12,0.36,0.48,5.62,5.39,11.9,0.22,0.22,0.45,0.22,0.45,0.12,0.36,0.48,0.12,0.48,Matches
83,Cau�,br BRA,FW,Gil Vicente FC,22-028,2002,10,7,583,6.5,0.15,0.00,0.15,0.15,0.00,0.00,0.31,0.00,0.12,0.12,0.02,0.14,0.92,1.23,4.62,0.15,0.00,0.15,0.15,0.15,0.12,0.01,0.14,0.12,0.14,Matches
84,C�sar,br BRA,GK,Boavista,32-322,1992,7,7,630,7.0,0.00,0.00,0.00,0.00,0.00,0.00,0.14,0.00,0.00,0.00,0.00,0.00,0.00,0.00,0.00,0.00,0.00,0.00,0.00,0.00,0.00,0.00,0.00,0.00,0.00,Matches
85,Tidjany Chabrol,fr FRA,FW,Gil Vicente FC,22-152,2002,12,7,533,5.9,0.17,0.17,0.34,0.17,0.00,0.00,0.34,0.00,0.15,0.15,0.12,0.27,3.05,2.54,7.46,0.17,0.17,0.34,0.17,0.34,0.15,0.11,0.27,0.15,0.27,Matches
86,Till Cissokho,fr FRA,DF,Estrela,24-310,2000,4,4,360,4.0,0.00,0.00,0.00,0.00,0.00,0.00,0.25,0.00,0.03,0.03,0.00,0.03,0.25,2.00,0.00,0.00,0.00,0.00,0.00,0.00,0.02,0.00,0.02,0.02,0.02,Matches
87,Clayton,br BRA,DF,AVS Futebol,24-254,2000,2,2,180,2.0,0.00,0.00,0.00,0.00,0.00,0.00,0.50,0.00,0.00,0.00,0.00,0.00,0.00,4.00,0.00,0.00,0.00,0.00,0.00,0.00,0.00,0.00,0.00,0.00,0.00,Matches
88,Clayton,br BRA,FW,Rio Ave,25-338,1999,13,13,1.11,12.3,0.49,0.08,0.57,0.41,0.08,0.08,0.33,0.00,0.37,0.30,0.07,0.37,0.81,1.38,4.47,0.49,0.08,0.57,0.41,0.49,0.37,0.06,0.43,0.30,0.36,Matches
89,Diego Collado,es ESP,"MF,FW",Gil Vicente FC,23-340,2001,5,0,24,0.3,0.00,0.00,0.00,0.00,0.00,0.00,0.00,0.00,0.00,0.00,0.00,0.00,3.33,0.00,3.33,0.00,0.00,0.00,0.00,0.00,0.08,0.00,0.08,0.08,0.08,Matches
90,F�bio Concei��o,pt POR,"DF,MF",Rio Ave,23-230,2001,10,1,348,3.9,0.00,0.26,0.26,0.00,0.00,0.00,0.00,0.00,0.10,0.10,0.15,0.28,4.36,2.82,9.49,0.00,0.26,0.26,0.00,0.26,0.11,0.16,0.27,0.11,0.27,Matches
91,Leo Cordeiro,br BRA,MF,Estrela,29-078,1995,13,11,1.014,11.3,0.00,0.00,0.00,0.00,0.00,0.00,0.18,0.00,0.07,0.07,0.03,0.10,1.42,5.13,2.21,0.00,0.00,0.00,0.00,0.00,0.07,0.02,0.10,0.07,0.10,Matches
92,F�lix Correia,pt POR,FW,Gil Vicente FC,23-327,2001,13,13,1.163,12.9,0.23,0.23,0.47,0.23,0.00,0.00,0.08,0.00,0.24,0.24,0.12,0.36,2.71,5.27,7.21,0.23,0.23,0.46,0.23,0.46,0.24,0.12,0.36,0.24,0.36,Matches
93,Alberto costa,pt POR,DF,Vit�ria,21-076,2003,6,3,315,3.5,0.00,0.00,0.00,0.00,0.00,0.00,0.00,0.00,0.03,0.03,0.09,0.11,3.71,4.00,5.71,0.00,0.00,0.00,0.00,0.00,0.03,0.07,0.11,0.03,0.11,Matches
94,Bruno Xavier Almeida Costa,pt POR,"MF,FW",Nacional,27-239,1997,7,2,197,2.2,0.00,0.00,0.00,0.00,0.00,0.00,0.00,0.00,0.00,0.00,0.32,0.32,1.36,4.55,4.55,0.00,0.00,0.00,0.00,0.00,0.00,0.32,0.32,0.00,0.32,Matches
95,Diogo Costa,pt POR,GK,Porto,25-086,1999,13,13,1.17,13.0,0.00,0.00,0.00,0.00,0.00,0.00,0.00,0.00,0.00,0.00,0.00,0.00,0.00,0.00,0.00,0.00,0.00,0.00,0.00,0.00,0.00,0.00,0.00,0.00,0.00,Matches
96,Gon�alo Costa,pt POR,"DF,MF",Estoril,24-300,2000,6,1,141,1.6,0.63,0.00,0.63,0.63,0.00,0.00,0.63,0.00,0.06,0.06,0.13,0.19,5.63,3.13,4.38,0.64,0.00,0.64,0.64,0.64,0.06,0.12,0.18,0.06,0.18,Matches
97,H�lder Costa,ao ANG,"FW,MF",Estoril,30-337,1994,8,4,328,3.6,0.00,0.00,0.00,0.00,0.00,0.00,0.00,0.00,0.00,0.00,0.08,0.08,1.94,3.06,7.22,0.00,0.00,0.00,0.00,0.00,0.00,0.07,0.07,0.00,0.07,Matches
98,Jo�o Costa,pt POR,FW,Santa Clara,24-282,2000,8,1,124,1.4,0.71,0.00,0.71,0.71,0.00,0.00,0.00,0.00,0.86,0.86,0.00,0.86,0.00,1.43,2.14,0.73,0.00,0.73,0.73,0.73,0.86,0.00,0.86,0.86,0.86,Matches
99,Michel Costa,br BRA,MF,Estoril,22-360,2001,10,7,597,6.6,0.00,0.00,0.00,0.00,0.00,0.00,0.61,0.00,0.00,0.00,0.02,0.03,0.45,3.94,1.21,0.00,0.00,0.00,0.00,0.00,0.01,0.02,0.03,0.01,0.03,Matches
100,Sandro Cruz,ao ANG,DF,Gil Vicente FC,23-216,2001,11,11,975,10.8,0.00,0.00,0.00,0.00,0.00,0.00,0.65,0.09,0.01,0.01,0.06,0.06,1.11,2.50,1.76,0.00,0.00,0.00,0.00,0.00,0.01,0.05,0.06,0.01,0.06,Matches
101,Augusto Dabo,gw GNB,DF,Boavista,20-276,2004,7,2,172,1.9,0.00,0.00,0.00,0.00,0.00,0.00,0.00,0.00,0.05,0.05,0.00,0.05,0.53,3.16,1.05,0.00,0.00,0.00,0.00,0.00,0.06,0.00,0.06,0.06,0.06,Matches
102,Amadou Dante,ml MLI,"DF,MF",Arouca,24-068,2000,9,9,758,8.4,0.00,0.00,0.00,0.00,0.00,0.00,0.12,0.00,0.01,0.01,0.07,0.08,2.14,3.33,3.33,0.00,0.00,0.00,0.00,0.00,0.01,0.07,0.08,0.01,0.08,Matches
103,Mathias De Amorim,fr FRA,MF,Famalic�o,20-004,2004,6,0,173,1.9,0.00,0.00,0.00,0.00,0.00,0.00,0.53,0.00,0.05,0.05,0.00,0.05,2.11,6.32,5.79,0.00,0.00,0.00,0.00,0.00,0.06,0.01,0.07,0.06,0.07,Matches
104,Zeno Debast,be BEL,DF,Sporting CP,21-051,2003,12,8,684,7.6,0.00,0.13,0.13,0.00,0.00,0.00,0.00,0.00,0.01,0.01,0.08,0.09,1.32,9.47,0.26,0.00,0.13,0.13,0.00,0.13,0.01,0.08,0.09,0.01,0.09,Matches
105,Dep�,ao ANG,FW,Gil Vicente FC,24-341,2000,3,0,43,0.5,0.00,0.00,0.00,0.00,0.00,0.00,0.00,0.00,0.40,0.40,0.00,0.40,0.00,0.00,6.00,0.00,0.00,0.00,0.00,0.00,0.53,0.00,0.53,0.53,0.53,Matches
106,Derick,br BRA,"DF,MF",Farense,31-104,1993,6,5,392,4.4,0.00,0.23,0.23,0.00,0.00,0.00,0.00,0.00,0.02,0.02,0.07,0.09,2.05,1.14,3.41,0.00,0.23,0.23,0.00,0.23,0.03,0.06,0.09,0.03,0.09,Matches
107,�ngel Di Mar�a,ar ARG,FW,Benfica,36-304,1988,11,9,755,8.4,0.48,0.24,0.71,0.24,0.24,0.24,0.24,0.00,0.50,0.31,0.30,0.62,4.17,9.29,11.7,0.48,0.24,0.72,0.24,0.48,0.50,0.30,0.80,0.31,0.61,Matches
108,Matheus Dias,br BRA,MF,Nacional,27-311,1997,12,12,960,10.7,0.00,0.09,0.09,0.00,0.00,0.00,0.37,0.00,0.02,0.02,0.07,0.09,0.93,4.21,0.37,0.00,0.09,0.09,0.00,0.09,0.02,0.07,0.09,0.02,0.09,Matches
109,Tiago Dias,pt POR,FW,Casa Pia,26-224,1998,2,0,25,0.3,0.00,0.00,0.00,0.00,0.00,0.00,0.00,0.00,0.00,0.00,0.67,0.67,13.3,0.00,16.7,0.00,0.00,0.00,0.00,0.00,0.00,0.87,0.87,0.00,0.87,Matches
110,Ousmane Diomande,ci CIV,DF,Sporting CP,21-010,2003,12,11,963,10.7,0.00,0.00,0.00,0.00,0.00,0.00,0.09,0.00,0.07,0.07,0.03,0.10,0.28,2.80,0.09,0.00,0.00,0.00,0.00,0.00,0.07,0.03,0.10,0.07,0.10,Matches
111,Tiago Djal�,pt POR,DF,Porto,24-249,2000,3,3,270,3.0,0.00,0.00,0.00,0.00,0.00,0.00,0.00,0.00,0.07,0.07,0.03,0.07,0.33,1.00,0.00,0.00,0.00,0.00,0.00,0.00,0.05,0.03,0.08,0.05,0.08,Matches
112,Maxime Dominguez,ch SUI,MF,Gil Vicente FC,28-317,1996,4,3,249,2.8,0.00,0.00,0.00,0.00,0.00,0.00,0.00,0.00,0.07,0.07,0.11,0.21,1.79,3.93,3.21,0.00,0.00,0.00,0.00,0.00,0.09,0.12,0.21,0.09,0.21,Matches
113,Issiar Dram�,ml MLI,DF,Estrela,25-302,1999,6,3,279,3.1,0.00,0.00,0.00,0.00,0.00,0.00,0.00,0.00,0.00,0.00,0.00,0.00,0.97,1.29,0.00,0.00,0.00,0.00,0.00,0.00,0.01,0.00,0.01,0.01,0.01,Matches
114,Dudu,br BRA,"MF,FW",Nacional,25-126,1999,4,2,184,2.0,0.00,0.00,0.00,0.00,0.00,0.00,0.00,0.00,0.30,0.30,0.00,0.30,1.00,0.00,2.50,0.00,0.00,0.00,0.00,0.00,0.28,0.01,0.29,0.28,0.29,Matches
115,Marcus Edwards,eng ENG,"MF,FW",Sporting CP,26-011,1998,6,1,111,1.2,0.83,0.00,0.83,0.83,0.00,0.00,0.00,0.00,0.50,0.50,0.17,0.58,12.5,9.17,13.3,0.81,0.00,0.81,0.81,0.81,0.46,0.14,0.60,0.46,0.60,Matches
116,Marvin Elimbi,fr FRA,DF,Gil Vicente FC,21-298,2003,1,0,14,0.2,0.00,0.00,0.00,0.00,0.00,0.00,0.00,0.00,0.00,0.00,0.00,0.00,0.00,5.00,0.00,0.00,0.00,0.00,0.00,0.00,0.00,0.00,0.00,0.00,0.00,Matches
117,Ricardo Esgaio,pt POR,"FW,DF",Sporting CP,31-212,1993,2,0,30,0.3,0.00,0.00,0.00,0.00,0.00,0.00,0.00,0.00,0.00,0.00,0.00,0.00,13.3,3.33,6.67,0.00,0.00,0.00,0.00,0.00,0.00,0.00,0.00,0.00,0.00,Matches
118,Tiago Esgaio,pt POR,DF,Arouca,29-135,1995,13,13,1.162,12.9,0.00,0.00,0.00,0.00,0.00,0.00,0.16,0.00,0.05,0.05,0.06,0.11,0.85,3.64,3.33,0.00,0.00,0.00,0.00,0.00,0.05,0.06,0.11,0.05,0.11,Matches
119,Dario Essugo,pt POR,MF,Sporting CP,19-275,2005,2,0,18,0.2,0.00,0.00,0.00,0.00,0.00,0.00,0.00,0.00,0.00,0.00,0.00,0.00,5.00,5.00,0.00,0.00,0.00,0.00,0.00,0.00,0.00,0.00,0.00,0.00,0.00,Matches
120,Lu�s Esteves,pt POR,MF,Nacional,26-249,1998,12,12,1.075,11.9,0.00,0.08,0.08,0.00,0.00,0.00,0.34,0.00,0.12,0.12,0.11,0.23,2.02,5.13,3.03,0.00,0.08,0.08,0.00,0.08,0.12,0.11,0.23,0.12,0.23,Matches
121,Stephen Eust�quio,ca CAN,MF,Porto,27-359,1996,11,6,553,6.1,0.00,0.00,0.00,0.00,0.00,0.00,0.49,0.00,0.05,0.05,0.10,0.15,0.66,10.2,1.48,0.00,0.00,0.00,0.00,0.00,0.05,0.10,0.14,0.05,0.14,Matches
122,Evanilson,br BRA,FW,Porto,25-069,1999,1,0,8,0.1,0.00,0.00,0.00,0.00,0.00,0.00,0.00,0.00,0.00,0.00,0.00,0.00,0.00,0.00,0.00,0.00,0.00,0.00,0.00,0.00,0.00,0.00,0.00,0.00,0.00,Matches
123,Fabiano,br BRA,DF,Moreirense,24-275,2000,9,7,604,6.7,0.00,0.00,0.00,0.00,0.00,0.00,0.30,0.00,0.00,0.00,0.01,0.01,1.64,3.13,1.94,0.00,0.00,0.00,0.00,0.00,0.01,0.01,0.02,0.01,0.02,Matches
124,Claudio Falc�o,br BRA,"MF,DF",Farense,30-164,1994,13,13,1.141,12.7,0.00,0.00,0.00,0.00,0.00,0.00,0.39,0.08,0.08,0.08,0.03,0.11,0.24,2.99,0.24,0.00,0.00,0.00,0.00,0.00,0.08,0.03,0.11,0.08,0.11,Matches
125,Jorge Filipe Oliveira Fernandes,pt POR,DF,Vit�ria,27-256,1997,4,3,235,2.6,0.00,0.00,0.00,0.00,0.00,0.00,0.00,0.00,0.04,0.04,0.12,0.15,0.00,3.46,0.00,0.00,0.00,0.00,0.00,0.00,0.03,0.12,0.16,0.03,0.16,Matches
126,Martim Fernandes,pt POR,DF,Porto,18-331,2006,11,8,712,7.9,0.00,0.51,0.51,0.00,0.00,0.00,0.13,0.00,0.08,0.08,0.44,0.52,3.16,2.91,8.99,0.00,0.51,0.51,0.00,0.51,0.07,0.44,0.51,0.07,0.51,Matches
127,Mateus Fernandes,pt POR,"FW,MF",Sporting CP,20-157,2004,1,0,26,0.3,0.00,0.00,0.00,0.00,0.00,0.00,0.00,0.00,0.00,0.00,0.33,0.33,13.3,6.67,6.67,0.00,0.00,0.00,0.00,0.00,0.08,0.25,0.33,0.08,0.33,Matches
128,Roger Fernandes,gw GNB,"FW,DF",Braga,19-023,2005,13,10,753,8.4,0.12,0.12,0.24,0.12,0.00,0.00,0.12,0.00,0.12,0.12,0.20,0.32,4.76,2.26,8.45,0.12,0.12,0.24,0.12,0.24,0.12,0.21,0.33,0.12,0.33,Matches
129,R�ben Fernandes,pt POR,DF,Gil Vicente FC,38-222,1986,13,13,1.154,12.8,0.08,0.00,0.08,0.08,0.00,0.00,0.16,0.00,0.03,0.03,0.01,0.05,0.70,2.97,0.47,0.08,0.00,0.08,0.08,0.08,0.03,0.01,0.04,0.03,0.04,Matches
130,Roberto F�rnandez,es ESP,FW,Braga,22-164,2002,12,5,429,4.8,0.21,0.00,0.21,0.21,0.00,0.00,0.21,0.00,0.27,0.27,0.04,0.29,1.04,0.83,5.42,0.21,0.00,0.21,0.21,0.21,0.27,0.03,0.30,0.27,0.30,Matches
131,Jo�o Ferreira Barros,pt POR,"MF,FW",Boavista,18-339,2006,5,1,99,1.1,0.00,0.00,0.00,0.00,0.00,0.00,0.00,0.00,0.27,0.27,0.09,0.27,0.91,1.82,1.82,0.00,0.00,0.00,0.00,0.00,0.24,0.05,0.29,0.24,0.29,Matches
132,Filipe Ferreira,pt POR,DF,Boavista,34-078,1990,13,13,1.118,12.4,0.00,0.00,0.00,0.00,0.00,0.00,0.16,0.00,0.01,0.01,0.02,0.03,1.13,2.82,0.81,0.00,0.00,0.00,0.00,0.00,0.01,0.02,0.03,0.01,0.03,Matches
133,Fernando Ferreira Fonseca,pt POR,DF,AVS Futebol,27-275,1997,10,9,829,9.2,0.00,0.00,0.00,0.00,0.00,0.00,0.33,0.00,0.00,0.00,0.05,0.05,1.96,3.59,2.50,0.00,0.00,0.00,0.00,0.00,0.00,0.06,0.06,0.00,0.06,Matches
134,Jo�o Ferreira,pt POR,DF,Braga,23-267,2001,9,8,746,8.3,0.00,0.12,0.12,0.00,0.00,0.00,0.48,0.00,0.01,0.01,0.08,0.10,2.41,4.22,1.93,0.00,0.12,0.12,0.00,0.12,0.01,0.09,0.10,0.01,0.10,Matches
135,Marcelo dos Santos Ferreira,br BRA,DF,Moreirense,35-140,1989,13,13,1.17,13.0,0.00,0.00,0.00,0.00,0.00,0.00,0.23,0.00,0.02,0.02,0.01,0.03,0.15,1.38,0.00,0.00,0.00,0.00,0.00,0.00,0.03,0.00,0.03,0.03,0.03,Matches
136,Pedro Ferreira,pt POR,MF,Santa Clara,26-344,1998,13,10,829,9.2,0.00,0.11,0.11,0.00,0.00,0.00,0.33,0.00,0.03,0.03,0.05,0.09,0.54,2.50,1.20,0.00,0.11,0.11,0.00,0.11,0.03,0.06,0.09,0.03,0.09,Matches
137,Tiago Ferreira,pt POR,FW,Estrela,22-271,2002,1,1,39,0.4,0.00,0.00,0.00,0.00,0.00,0.00,0.00,0.00,0.00,0.00,0.25,0.25,0.00,2.50,10.0,0.00,0.00,0.00,0.00,0.00,0.00,0.15,0.15,0.00,0.15,Matches
138,Daniel Figueira,pt POR,GK,Estoril,26-147,1998,1,1,90,1.0,0.00,0.00,0.00,0.00,0.00,0.00,0.00,0.00,0.00,0.00,0.00,0.00,0.00,0.00,0.00,0.00,0.00,0.00,0.00,0.00,0.00,0.00,0.00,0.00,0.00,Matches
139,Tiago Fonseca Morais,pt POR,"FW,MF",Rio Ave,21-102,2003,12,9,639,7.1,0.14,0.00,0.14,0.14,0.00,0.00,0.00,0.00,0.18,0.18,0.06,0.24,1.69,3.10,6.62,0.14,0.00,0.14,0.14,0.14,0.18,0.06,0.24,0.18,0.24,Matches
140,Jos� Font�n,es ESP,DF,Arouca,24-307,2000,10,10,887,9.9,0.00,0.00,0.00,0.00,0.00,0.00,0.30,0.00,0.01,0.01,0.01,0.01,0.10,2.12,0.10,0.00,0.00,0.00,0.00,0.00,0.01,0.01,0.01,0.01,0.01,Matches
141,Jos� Fonte,pt POR,DF,Casa Pia,40-358,1983,7,6,541,6.0,0.00,0.00,0.00,0.00,0.00,0.00,0.33,0.00,0.07,0.07,0.00,0.07,0.00,1.00,0.17,0.00,0.00,0.00,0.00,0.00,0.06,0.00,0.06,0.06,0.06,Matches
142,Lucas Fran�a,br BRA,GK,Nacional,28-330,1996,12,12,1.08,12.0,0.00,0.00,0.00,0.00,0.00,0.00,0.17,0.00,0.00,0.00,0.00,0.00,0.00,0.00,0.00,0.00,0.00,0.00,0.00,0.00,0.00,0.00,0.00,0.00,0.00,Matches
143,Andr� Franco,pt POR,"FW,MF",Porto,26-246,1998,6,0,96,1.1,0.00,0.00,0.00,0.00,0.00,0.00,0.91,0.00,0.00,0.00,0.64,0.64,2.73,8.18,7.27,0.00,0.00,0.00,0.00,0.00,0.02,0.66,0.69,0.02,0.69,Matches
144,Afonso freitas,pt POR,DF,Nacional,24-251,2000,1,0,19,0.2,0.00,0.00,0.00,0.00,0.00,0.00,0.00,0.00,0.00,0.00,0.00,0.00,0.00,0.00,0.00,0.00,0.00,0.00,0.00,0.00,0.00,0.00,0.00,0.00,0.00,Matches
145,Iv�n Fresneda,es ESP,DF,Sporting CP,20-077,2004,3,0,44,0.5,0.00,0.00,0.00,0.00,0.00,0.00,0.00,0.00,0.00,0.00,0.00,0.00,8.00,10.0,0.00,0.00,0.00,0.00,0.00,0.00,0.00,0.00,0.00,0.00,0.00,Matches
146,Godfried Frimpong,nl NED,DF,Moreirense,25-146,1999,13,13,1.17,13.0,0.00,0.08,0.08,0.00,0.00,0.00,0.23,0.00,0.00,0.00,0.12,0.12,0.92,2.23,3.38,0.00,0.08,0.08,0.00,0.08,0.00,0.12,0.13,0.00,0.13,Matches
147,Kanya Fujimoto,jp JPN,MF,Gil Vicente FC,25-166,1999,13,13,1.037,11.5,0.43,0.26,0.70,0.35,0.09,0.09,0.09,0.00,0.23,0.16,0.21,0.37,1.22,2.96,4.96,0.43,0.26,0.69,0.35,0.61,0.22,0.21,0.43,0.15,0.36,Matches
148,Taichi Fukui,jp JPN,MF,Arouca,20-152,2004,11,10,865,9.6,0.00,0.00,0.00,0.00,0.00,0.00,0.10,0.00,0.03,0.03,0.05,0.08,0.52,3.33,1.25,0.00,0.00,0.00,0.00,0.00,0.03,0.05,0.08,0.03,0.08,Matches
149,Tiago Gabriel,pt POR,DF,Estrela,19-354,2004,5,5,440,4.9,0.00,0.00,0.00,0.00,0.00,0.00,0.00,0.00,0.08,0.08,0.00,0.08,0.41,2.65,0.20,0.00,0.00,0.00,0.00,0.00,0.07,0.01,0.08,0.07,0.08,Matches
150,Galeno,br BRA,"FW,DF",Porto,27-053,1997,12,11,975,10.8,0.74,0.00,0.74,0.37,0.37,0.37,0.19,0.00,0.66,0.37,0.17,0.54,3.06,3.43,9.44,0.74,0.00,0.74,0.37,0.37,0.66,0.17,0.83,0.37,0.54,Matches
151,Nino Galovi?,hr CRO,DF,Arouca,32-161,1992,1,1,90,1.0,0.00,0.00,0.00,0.00,0.00,0.00,0.00,0.00,0.00,0.00,0.00,0.00,0.00,1.00,0.00,0.00,0.00,0.00,0.00,0.00,0.00,0.00,0.00,0.00,0.00,Matches
152,Garc�a,br BRA,DF,Nacional,22-345,2002,12,12,1.045,11.6,0.00,0.09,0.09,0.00,0.00,0.00,0.09,0.00,0.02,0.02,0.14,0.16,1.29,2.93,2.76,0.00,0.09,0.09,0.00,0.09,0.01,0.14,0.15,0.01,0.15,Matches
153,Fabr�cio Garcia,cv CPV,"FW,MF",Estoril,23-224,2001,13,9,735,8.2,0.00,0.00,0.00,0.00,0.00,0.00,0.24,0.00,0.16,0.16,0.04,0.20,3.66,1.34,6.83,0.00,0.00,0.00,0.00,0.00,0.16,0.04,0.20,0.16,0.20,Matches
154,Santiago Garc�a,es ESP,MF,Gil Vicente FC,23-107,2001,8,6,533,5.9,0.34,0.34,0.68,0.34,0.00,0.00,1.02,0.00,0.05,0.05,0.15,0.20,0.68,3.39,2.37,0.34,0.34,0.68,0.34,0.68,0.04,0.16,0.20,0.04,0.20,Matches
155,Bruno Gaspar,ao ANG,DF,Vit�ria,31-237,1993,10,10,856,9.5,0.00,0.00,0.00,0.00,0.00,0.00,0.21,0.00,0.02,0.02,0.06,0.08,1.37,4.21,6.32,0.00,0.00,0.00,0.00,0.00,0.02,0.06,0.08,0.02,0.08,Matches
156,Mory Gbane,ci CIV,MF,Gil Vicente FC,23-355,2000,11,9,841,9.3,0.00,0.00,0.00,0.00,0.00,0.00,0.32,0.00,0.02,0.02,0.02,0.04,1.18,3.33,0.75,0.00,0.00,0.00,0.00,0.00,0.02,0.02,0.04,0.02,0.04,Matches
157,Geovanny,pt POR,MF,Farense,20-153,2004,6,1,164,1.8,0.00,0.00,0.00,0.00,0.00,0.00,0.00,0.00,0.06,0.06,0.00,0.06,0.00,3.33,2.78,0.00,0.00,0.00,0.00,0.00,0.04,0.00,0.04,0.04,0.04,Matches
158,Andr� Geraldes,pt POR,"MF,DF",Casa Pia,33-226,1991,11,8,697,7.7,0.00,0.00,0.00,0.00,0.00,0.00,0.13,0.00,0.04,0.04,0.08,0.13,1.17,2.47,4.29,0.00,0.00,0.00,0.00,0.00,0.04,0.08,0.12,0.04,0.12,Matches
159,Isma�l Gharbi,es ESP,"MF,FW",Braga,20-248,2004,8,2,192,2.1,0.95,0.00,0.95,0.95,0.00,0.00,0.00,0.00,0.67,0.67,0.24,0.90,4.29,3.81,11.4,0.94,0.00,0.94,0.94,0.94,0.66,0.24,0.89,0.66,0.89,Matches
160,Jos� Gomes,pt POR,DF,Nacional,28-147,1996,12,12,1.053,11.7,0.00,0.00,0.00,0.00,0.00,0.00,0.09,0.00,0.03,0.03,0.09,0.13,1.03,3.08,3.76,0.00,0.00,0.00,0.00,0.00,0.03,0.09,0.13,0.03,0.13,Matches
161,Pedro gomes,pt POR,DF,Boavista,21-193,2003,12,12,970,10.8,0.00,0.00,0.00,0.00,0.00,0.00,0.56,0.00,0.04,0.04,0.01,0.05,0.09,2.13,0.65,0.00,0.00,0.00,0.00,0.00,0.04,0.00,0.04,0.04,0.04,Matches
162,V�tor Gomes,pt POR,MF,Rio Ave,36-355,1987,4,0,38,0.4,0.00,2.50,2.50,0.00,0.00,0.00,0.00,0.00,0.00,0.00,1.50,1.50,0.00,12.5,0.00,0.00,2.37,2.37,0.00,2.37,0.00,1.53,1.53,0.00,1.53,Matches
163,Victor Gomez,es ESP,DF,Braga,24-257,2000,11,5,496,5.5,0.00,0.00,0.00,0.00,0.00,0.00,0.18,0.00,0.02,0.02,0.09,0.09,1.45,4.91,6.73,0.00,0.00,0.00,0.00,0.00,0.01,0.08,0.09,0.01,0.09,Matches
164,Nuno Gon�alo Moreira,pt POR,"FW,MF",Casa Pia,25-181,1999,12,9,801,8.9,0.22,0.22,0.45,0.22,0.00,0.00,0.00,0.00,0.24,0.24,0.10,0.34,2.02,4.94,7.08,0.22,0.22,0.45,0.22,0.45,0.23,0.10,0.34,0.23,0.34,Matches
165,Jo�o Gon�alves,pt POR,GK,Boavista,24-039,2000,4,4,360,4.0,0.00,0.00,0.00,0.00,0.00,0.00,0.00,0.00,0.00,0.00,0.00,0.00,0.00,0.00,0.00,0.00,0.00,0.00,0.00,0.00,0.00,0.00,0.00,0.00,0.00,Matches
166,Pedro Gon�alves,pt POR,"FW,MF",Sporting CP,26-169,1998,8,8,579,6.4,0.63,0.63,1.25,0.63,0.00,0.00,0.31,0.00,0.56,0.56,0.53,1.09,2.50,6.09,8.44,0.62,0.62,1.24,0.62,1.24,0.56,0.53,1.09,0.56,1.09,Matches
167,Cristo Gonz�lez,es ESP,MF,Arouca,27-051,1997,2,2,180,2.0,0.00,0.50,0.50,0.00,0.00,0.00,0.00,0.00,0.10,0.10,0.40,0.50,1.50,5.00,5.00,0.00,0.50,0.50,0.00,0.50,0.08,0.42,0.50,0.08,0.50,Matches
168,Mario Gonz�lez,es ESP,FW,Famalic�o,28-293,1996,12,2,408,4.5,0.44,0.44,0.89,0.44,0.00,0.00,0.00,0.00,0.31,0.31,0.11,0.40,0.67,0.89,4.22,0.44,0.44,0.88,0.44,0.88,0.30,0.11,0.41,0.30,0.41,Matches
169,Nicol�s Gonz�lez,es ESP,MF,Porto,22-346,2002,13,13,1.116,12.4,0.24,0.16,0.40,0.24,0.00,0.00,0.32,0.00,0.27,0.27,0.05,0.31,1.53,6.85,2.82,0.24,0.16,0.40,0.24,0.40,0.26,0.05,0.31,0.26,0.31,Matches
170,Jean Gorby,fr FRA,MF,Braga,22-142,2002,8,3,302,3.4,0.00,0.00,0.00,0.00,0.00,0.00,0.29,0.00,0.00,0.00,0.03,0.06,0.00,5.29,1.18,0.00,0.00,0.00,0.00,0.00,0.01,0.04,0.05,0.01,0.05,Matches
171,Jo�o Goulart Silva,pt POR,DF,Casa Pia,24-322,2000,13,13,1.169,13.0,0.08,0.00,0.08,0.08,0.00,0.00,0.08,0.00,0.06,0.06,0.04,0.10,0.23,1.46,0.08,0.08,0.00,0.08,0.08,0.08,0.06,0.04,0.10,0.06,0.10,Matches
172,Tiago Gouveia,pt POR,"FW,DF",Benfica,23-179,2001,3,0,85,0.9,1.11,1.11,2.22,1.11,0.00,0.00,1.11,0.00,0.89,0.89,0.78,1.56,5.56,7.78,13.3,1.06,1.06,2.12,1.06,2.12,0.85,0.70,1.55,0.85,1.55,Matches
173,Pablo Gozalbez,es ESP,"MF,FW",Arouca,23-228,2001,6,1,93,1.0,0.00,0.00,0.00,0.00,0.00,0.00,0.00,0.00,0.00,0.00,0.10,0.10,3.00,8.00,10.0,0.00,0.00,0.00,0.00,0.00,0.00,0.09,0.09,0.00,0.09,Matches
174,Jo�o Gra�a,pt POR,"MF,FW",Rio Ave,29-179,1995,4,1,179,2.0,0.00,0.00,0.00,0.00,0.00,0.00,0.00,0.00,0.05,0.05,0.00,0.05,2.00,2.50,2.00,0.00,0.00,0.00,0.00,0.00,0.04,0.00,0.04,0.04,0.04,Matches
175,Samuel Granada,br BRA,FW,AVS Futebol,24-308,2000,4,3,240,2.7,0.00,0.37,0.37,0.00,0.00,0.00,0.74,0.37,0.33,0.33,0.15,0.52,0.37,1.48,4.44,0.00,0.37,0.37,0.00,0.37,0.35,0.16,0.51,0.35,0.51,Matches
176,Jaume Grau,es ESP,MF,AVS Futebol,27-223,1997,10,8,686,7.6,0.13,0.00,0.13,0.13,0.00,0.00,0.66,0.00,0.03,0.03,0.05,0.07,0.39,3.82,0.79,0.13,0.00,0.13,0.13,0.13,0.02,0.05,0.07,0.02,0.07,Matches
177,Marko Gruji?,rs SRB,MF,Porto,28-245,1996,2,0,33,0.4,0.00,0.00,0.00,0.00,0.00,0.00,0.00,0.00,0.00,0.00,1.00,1.00,2.50,7.50,12.5,0.00,0.00,0.00,0.00,0.00,0.00,1.14,1.14,0.00,1.14,Matches
178,Rafik Guitane,fr FRA,"FW,MF",Estoril,25-202,1999,3,1,97,1.1,0.00,0.00,0.00,0.00,0.00,0.00,0.00,0.00,0.00,0.00,0.00,0.09,0.91,2.73,5.45,0.00,0.00,0.00,0.00,0.00,0.02,0.03,0.05,0.02,0.05,Matches
179,Rafik Guitane,fr FRA,FW,Braga,25-202,1999,1,0,2,0.0,0,0,0,0,0,0,0,0,0.0,0.0,0.0,0.0,0,0,0,0.00,0.00,0.00,0.00,0.00,0.00,0.00,0.00,0.00,0.00,Matches
180,Deniz G�l,se SWE,FW,Porto,20-165,2004,3,0,47,0.5,2.00,0.00,2.00,2.00,0.00,0.00,0.00,0.00,0.60,0.60,0.00,0.60,2.00,2.00,4.00,1.91,0.00,1.91,1.91,1.91,0.49,0.00,0.49,0.49,0.49,Matches
181,Viktor Gy�keres,se SWE,FW,Sporting CP,26-193,1998,13,13,1.154,12.8,1.33,0.08,1.41,0.78,0.55,0.55,0.08,0.00,1.09,0.66,0.24,0.91,4.30,1.80,11.2,1.33,0.08,1.40,0.78,0.86,1.08,0.24,1.33,0.66,0.90,Matches
182,Justin de Haas,nl NED,DF,Famalic�o,24-317,2000,10,9,842,9.4,0.00,0.00,0.00,0.00,0.00,0.00,0.11,0.00,0.03,0.03,0.02,0.05,0.11,1.81,0.00,0.00,0.00,0.00,0.00,0.00,0.03,0.02,0.05,0.03,0.05,Matches
183,Tom�s H�ndel,pt POR,MF,Vit�ria,24-017,2000,13,13,1.118,12.4,0.08,0.00,0.08,0.08,0.00,0.00,0.16,0.00,0.06,0.06,0.04,0.10,1.45,6.21,1.45,0.08,0.00,0.08,0.08,0.08,0.07,0.04,0.10,0.07,0.10,Matches
184,Conrad Harder,dk DEN,"FW,MF",Sporting CP,19-251,2005,8,2,248,2.8,1.07,0.36,1.43,1.07,0.00,0.00,0.00,0.00,0.14,0.14,0.21,0.36,2.86,2.14,8.57,1.09,0.36,1.45,1.09,1.45,0.16,0.22,0.38,0.16,0.38,Matches
185,Thiago Helguera,uy URU,MF,Braga,18-263,2006,1,0,9,0.1,0.00,0.00,0.00,0.00,0.00,0.00,0.00,0.00,0.00,0.00,0.00,0.00,0.00,0.00,0.00,0.00,0.00,0.00,0.00,0.00,0.00,0.00,0.00,0.00,0.00,Matches
186,Gustavo Henrique,br BRA,"MF,FW",Estrela,25-226,1999,4,4,228,2.5,0.00,0.40,0.40,0.00,0.00,0.00,0.00,0.00,0.00,0.00,0.04,0.08,1.20,0.80,5.60,0.00,0.39,0.39,0.00,0.39,0.01,0.05,0.06,0.01,0.06,Matches
187,Morten Hjulmand,dk DEN,MF,Sporting CP,25-172,1999,11,10,826,9.2,0.11,0.11,0.22,0.11,0.00,0.00,0.11,0.00,0.07,0.07,0.07,0.13,0.11,7.17,1.09,0.11,0.11,0.22,0.11,0.22,0.07,0.06,0.13,0.07,0.13,Matches
188,Jordan Holsgrove,sct SCO,MF,Estoril,25-095,1999,8,6,595,6.6,0.15,0.30,0.45,0.15,0.00,0.00,0.15,0.00,0.05,0.05,0.27,0.30,1.06,5.61,1.52,0.15,0.30,0.45,0.15,0.45,0.04,0.27,0.31,0.04,0.31,Matches
189,Luk� Horn�?ek,cz CZE,GK,Braga,22-154,2002,1,1,90,1.0,0.00,0.00,0.00,0.00,0.00,0.00,0.00,0.00,0.00,0.00,0.00,0.00,0.00,0.00,0.00,0.00,0.00,0.00,0.00,0.00,0.00,0.00,0.00,0.00,0.00,Matches
190,Andr� Horta,pt POR,MF,Braga,28-037,1996,9,5,428,4.8,0.00,0.63,0.63,0.00,0.00,0.00,0.00,0.00,0.06,0.06,0.19,0.25,3.75,9.79,3.54,0.00,0.63,0.63,0.00,0.63,0.06,0.20,0.26,0.06,0.26,Matches
191,Ricardo Horta,pt POR,"MF,FW",Braga,30-090,1994,13,12,1.082,12.0,0.25,0.08,0.33,0.25,0.00,0.00,0.00,0.00,0.29,0.29,0.19,0.48,0.92,3.25,6.00,0.25,0.08,0.33,0.25,0.33,0.29,0.19,0.48,0.29,0.48,Matches
192,Igor,br BRA,MF,Estrela,21-282,2003,9,5,499,5.5,0.00,0.00,0.00,0.00,0.00,0.00,0.55,0.00,0.04,0.04,0.09,0.13,0.36,4.18,0.36,0.00,0.00,0.00,0.00,0.00,0.03,0.10,0.13,0.03,0.13,Matches
193,Andr� In�cio,br BRA,"MF,FW",Estrela,22-295,2002,7,4,413,4.6,0.00,0.00,0.00,0.00,0.00,0.00,0.22,0.00,0.20,0.20,0.07,0.24,3.91,0.87,4.57,0.00,0.00,0.00,0.00,0.00,0.19,0.06,0.25,0.19,0.25,Matches
194,Gon�alo In�cio,pt POR,DF,Sporting CP,23-111,2001,12,9,815,9.1,0.11,0.22,0.33,0.11,0.00,0.00,0.33,0.00,0.16,0.16,0.01,0.19,2.20,9.45,1.32,0.11,0.22,0.33,0.11,0.33,0.17,0.02,0.19,0.17,0.19,Matches
195,Isaac,br BRA,FW,Nacional,20-263,2004,10,4,431,4.8,0.42,0.00,0.42,0.42,0.00,0.00,0.42,0.00,0.40,0.40,0.02,0.40,0.42,1.04,4.79,0.42,0.00,0.42,0.42,0.42,0.39,0.01,0.40,0.39,0.40,Matches
196,Ismael,pt POR,MF,Moreirense,25-264,1999,13,13,1.035,11.5,0.09,0.09,0.17,0.09,0.00,0.00,0.35,0.00,0.14,0.14,0.04,0.17,0.61,3.83,1.30,0.09,0.09,0.17,0.09,0.17,0.13,0.04,0.18,0.13,0.18,Matches
197,Franco Israel,uy URU,GK,Sporting CP,24-236,2000,7,7,630,7.0,0.00,0.00,0.00,0.00,0.00,0.00,0.00,0.00,0.00,0.00,0.00,0.00,0.00,0.00,0.00,0.00,0.00,0.00,0.00,0.00,0.00,0.00,0.00,0.00,0.00,Matches
198,Ivan Jaime Pajuelo,es ESP,FW,Porto,24-079,2000,6,5,371,4.1,0.49,0.49,0.98,0.49,0.00,0.00,0.00,0.00,0.22,0.22,0.15,0.37,1.95,5.61,7.80,0.49,0.49,0.97,0.49,0.97,0.22,0.15,0.37,0.22,0.37,Matches
199,Jason,es ESP,FW,Arouca,30-161,1994,13,11,962,10.7,0.19,0.00,0.19,0.19,0.00,0.09,0.28,0.00,0.18,0.10,0.10,0.21,1.50,2.90,8.50,0.19,0.00,0.19,0.19,0.19,0.18,0.11,0.28,0.10,0.21,Matches
200,Jhonatan,br BRA,GK,Rio Ave,33-220,1991,8,8,720,8.0,0.00,0.00,0.00,0.00,0.00,0.00,0.13,0.00,0.00,0.00,0.00,0.00,0.00,0.00,0.00,0.00,0.00,0.00,0.00,0.00,0.00,0.00,0.00,0.00,0.00,Matches
201,Luiz L�cio Reis J�nior,br BRA,GK,Famalic�o,23-335,2001,1,1,90,1.0,0.00,0.00,0.00,0.00,0.00,0.00,1.00,0.00,0.00,0.00,0.00,0.00,0.00,0.00,0.00,0.00,0.00,0.00,0.00,0.00,0.00,0.00,0.00,0.00,0.00,Matches
202,Issa Kabor�,bf BFA,DF,Benfica,23-216,2001,2,0,12,0.1,0.00,0.00,0.00,0.00,0.00,0.00,0.00,0.00,0.00,0.00,0.00,0.00,10.0,20.0,0.00,0.00,0.00,0.00,0.00,0.00,0.00,0.00,0.00,0.00,0.00,Matches
203,Kaio,br BRA,FW,Vit�ria,20-303,2004,12,11,869,9.7,0.10,0.10,0.21,0.10,0.00,0.00,0.21,0.00,0.16,0.16,0.06,0.23,2.89,4.23,8.66,0.10,0.10,0.21,0.10,0.21,0.17,0.06,0.23,0.17,0.23,Matches
204,Issiaka Kamate,fr FRA,"FW,MF",AVS Futebol,20-134,2004,8,4,350,3.9,0.00,0.00,0.00,0.00,0.00,0.00,0.00,0.00,0.03,0.03,0.10,0.13,2.05,2.05,4.87,0.00,0.00,0.00,0.00,0.00,0.03,0.10,0.13,0.03,0.13,Matches
205,Kazu,br BRA,DF,Gil Vicente FC,24-271,2000,3,2,181,2.0,0.00,0.00,0.00,0.00,0.00,0.00,0.00,0.00,0.00,0.00,0.00,0.00,1.50,4.50,5.50,0.00,0.00,0.00,0.00,0.00,0.00,0.01,0.01,0.00,0.01,Matches
206,Keliano,ao ANG,MF,Estrela,21-333,2003,7,4,259,2.9,0.00,0.00,0.00,0.00,0.00,0.00,1.38,0.00,0.00,0.00,0.03,0.03,0.69,4.83,0.69,0.00,0.00,0.00,0.00,0.00,0.02,0.03,0.05,0.02,0.05,Matches
207,Kewin,br BRA,GK,Moreirense,29-050,1995,13,13,1.17,13.0,0.00,0.00,0.00,0.00,0.00,0.00,0.23,0.00,0.00,0.00,0.00,0.00,0.00,0.00,0.00,0.00,0.00,0.00,0.00,0.00,0.00,0.00,0.00,0.00,0.00,Matches
208,Kikas,pt POR,FW,Estrela,26-088,1998,13,9,919,10.2,0.39,0.00,0.39,0.39,0.00,0.00,0.20,0.00,0.17,0.17,0.02,0.19,0.88,0.69,4.80,0.39,0.00,0.39,0.39,0.39,0.17,0.02,0.19,0.17,0.19,Matches
209,Gustavo Klismahn,br BRA,"MF,FW",Santa Clara,25-021,1999,10,4,419,4.7,0.00,0.00,0.00,0.00,0.00,0.00,0.43,0.00,0.09,0.09,0.17,0.26,1.91,3.62,2.98,0.00,0.00,0.00,0.00,0.00,0.09,0.16,0.25,0.09,0.25,Matches
210,Ruben Kluivert,nl NED,DF,Casa Pia,23-207,2001,9,7,635,7.1,0.14,0.00,0.14,0.14,0.00,0.00,0.42,0.00,0.07,0.07,0.01,0.08,0.28,0.99,0.14,0.14,0.00,0.14,0.14,0.14,0.07,0.01,0.08,0.07,0.08,Matches
211,Koka,eg EGY,"FW,MF",Rio Ave,31-284,1993,7,0,144,1.6,0.63,0.00,0.63,0.63,0.00,0.00,1.25,0.00,0.50,0.50,0.13,0.63,1.25,0.00,3.13,0.62,0.00,0.62,0.62,0.62,0.52,0.12,0.64,0.52,0.64,Matches
212,Orkun K�k��,tr TUR,"MF,FW",Benfica,23-351,2000,11,9,808,9.0,0.22,0.33,0.56,0.22,0.00,0.00,0.56,0.00,0.13,0.13,0.22,0.34,1.78,8.56,5.78,0.22,0.33,0.56,0.22,0.56,0.13,0.22,0.35,0.13,0.35,Matches
213,Vladen Kova?evi?,ba BIH,GK,Sporting CP,26-247,1998,6,6,540,6.0,0.00,0.00,0.00,0.00,0.00,0.00,0.00,0.00,0.00,0.00,0.00,0.00,0.00,0.00,0.00,0.00,0.00,0.00,0.00,0.00,0.00,0.00,0.00,0.00,0.00,Matches
214,Andrian Kraev,bg BUL,MF,Casa Pia,25-304,1999,9,7,630,7.0,0.00,0.00,0.00,0.00,0.00,0.00,0.43,0.00,0.04,0.04,0.00,0.04,0.43,3.43,0.57,0.00,0.00,0.00,0.00,0.00,0.04,0.00,0.04,0.04,0.04,Matches
215,Chiheb Labidi,tn TUN,MF,Nacional,23-196,2001,3,1,82,0.9,0.00,0.00,0.00,0.00,0.00,0.00,0.00,0.00,0.00,0.00,0.11,0.11,1.11,5.56,1.11,0.00,0.00,0.00,0.00,0.00,0.04,0.10,0.14,0.04,0.14,Matches
216,Andr� Lacximicant,pt POR,FW,Estoril,23-209,2001,7,1,182,2.0,0.00,0.50,0.50,0.00,0.00,0.00,1.00,0.00,0.40,0.40,0.05,0.45,3.50,1.50,4.50,0.00,0.49,0.49,0.00,0.49,0.38,0.04,0.42,0.38,0.42,Matches
217,Chico Lamba,pt POR,DF,Arouca,21-279,2003,7,6,569,6.3,0.00,0.00,0.00,0.00,0.00,0.00,0.48,0.00,0.03,0.03,0.00,0.03,0.16,1.59,0.16,0.00,0.00,0.00,0.00,0.00,0.03,0.00,0.04,0.03,0.04,Matches
218,Larra,es ESP,"MF,DF",Casa Pia,26-363,1997,12,6,620,6.9,0.00,0.00,0.00,0.00,0.00,0.00,0.58,0.14,0.06,0.06,0.09,0.13,2.17,2.17,5.22,0.00,0.00,0.00,0.00,0.00,0.05,0.08,0.14,0.05,0.14,Matches
219,Leonardo Lelo,pt POR,"MF,DF",Casa Pia,24-259,2000,13,13,1.155,12.8,0.00,0.08,0.08,0.00,0.00,0.00,0.00,0.00,0.05,0.05,0.15,0.20,1.25,3.28,5.39,0.00,0.08,0.08,0.00,0.08,0.05,0.15,0.20,0.05,0.20,Matches
220,Marcos Leonardo,br BRA,MF,Benfica,21-226,2003,3,0,82,0.9,1.11,0.00,1.11,0.00,1.11,1.11,0.00,0.00,1.44,0.56,0.00,0.56,4.44,2.22,6.67,1.10,0.00,1.10,0.00,0.00,1.38,0.03,1.41,0.52,0.55,Matches
221,Guilherme Liberato,br BRA,MF,Moreirense,23-181,2001,4,0,45,0.5,0.00,0.00,0.00,0.00,0.00,0.00,0.00,0.00,0.00,0.00,0.00,0.00,0.00,6.00,0.00,0.00,0.00,0.00,0.00,0.00,0.00,0.00,0.00,0.00,0.00,Matches
222,Otso Liimatta,fi FIN,"FW,MF",Famalic�o,20-157,2004,4,1,114,1.3,0.00,0.00,0.00,0.00,0.00,0.00,0.77,0.00,0.15,0.15,0.08,0.23,1.54,3.08,8.46,0.00,0.00,0.00,0.00,0.00,0.17,0.07,0.25,0.17,0.25,Matches
223,R�ben Lima,pt POR,DF,Estrela,35-072,1989,8,5,481,5.3,0.00,0.00,0.00,0.00,0.00,0.00,0.00,0.00,0.02,0.02,0.04,0.04,0.57,3.02,0.38,0.00,0.00,0.00,0.00,0.00,0.01,0.03,0.04,0.01,0.04,Matches
224,J�r�my Livolant,fr FRA,"FW,MF",Casa Pia,26-340,1998,6,2,244,2.7,0.00,0.00,0.00,0.00,0.00,0.00,0.00,0.00,0.19,0.19,0.11,0.30,2.22,2.59,6.30,0.00,0.00,0.00,0.00,0.00,0.17,0.12,0.29,0.17,0.29,Matches
225,Danny Loader,eng ENG,"FW,MF",Porto,24-108,2000,11,7,584,6.5,0.31,0.00,0.31,0.15,0.15,0.15,0.15,0.00,0.46,0.34,0.05,0.37,1.38,1.69,5.38,0.31,0.00,0.31,0.15,0.15,0.46,0.04,0.50,0.34,0.38,Matches
226,Samuel Lobato,pt POR,FW,Famalic�o,23-056,2001,5,0,51,0.6,0.00,0.00,0.00,0.00,0.00,0.00,1.67,0.00,0.00,0.00,0.00,0.00,0.00,1.67,10.0,0.00,0.00,0.00,0.00,0.00,0.00,0.00,0.00,0.00,0.00,Matches
227,Tom van de Looi,nl NED,MF,Famalic�o,25-165,1999,9,1,238,2.6,0.00,0.00,0.00,0.00,0.00,0.00,0.00,0.00,0.04,0.04,0.00,0.08,0.38,10.8,1.92,0.00,0.00,0.00,0.00,0.00,0.05,0.01,0.06,0.05,0.06,Matches
228,Miguel Lopes,pt POR,DF,Estrela,37-361,1986,7,7,630,7.0,0.00,0.00,0.00,0.00,0.00,0.00,0.29,0.00,0.01,0.01,0.01,0.01,0.43,2.57,0.00,0.00,0.00,0.00,0.00,0.00,0.01,0.01,0.02,0.01,0.02,Matches
229,Vasco Lopes,cv CPV,"FW,MF",AVS Futebol,25-103,1999,9,2,348,3.9,0.51,0.26,0.77,0.51,0.00,0.00,0.77,0.00,0.15,0.15,0.15,0.31,4.36,3.85,8.21,0.52,0.26,0.78,0.52,0.78,0.15,0.16,0.30,0.15,0.30,Matches
230,Mamadou Loum,sn SEN,"MF,DF",Arouca,27-350,1996,6,3,296,3.3,0.00,0.00,0.00,0.00,0.00,0.00,0.91,0.00,0.06,0.06,0.00,0.09,0.30,2.73,0.00,0.00,0.00,0.00,0.00,0.00,0.07,0.01,0.08,0.07,0.08,Matches
231,Jonatan Lucca,br BRA,MF,AVS Futebol,30-195,1994,8,2,271,3.0,0.00,0.00,0.00,0.00,0.00,0.00,0.33,0.00,0.07,0.07,0.00,0.07,0.33,4.00,1.67,0.00,0.00,0.00,0.00,0.00,0.05,0.01,0.06,0.05,0.06,Matches
232,Florentino Lu�s,pt POR,MF,Benfica,25-117,1999,11,11,895,9.9,0.20,0.00,0.20,0.20,0.00,0.00,0.10,0.00,0.12,0.12,0.01,0.13,0.61,6.97,1.11,0.20,0.00,0.20,0.20,0.20,0.12,0.01,0.13,0.12,0.13,Matches
233,Z� Lu�s,cv CPV,FW,AVS Futebol,33-325,1991,6,3,274,3.0,0.00,0.00,0.00,0.00,0.00,0.00,0.00,0.00,0.20,0.20,0.13,0.33,0.67,1.67,1.00,0.00,0.00,0.00,0.00,0.00,0.21,0.13,0.33,0.21,0.33,Matches
234,Luismi,gq EQG,FW,Moreirense,23-158,2001,13,8,768,8.5,0.47,0.12,0.59,0.47,0.00,0.00,0.12,0.00,0.48,0.48,0.05,0.53,1.41,1.53,3.06,0.47,0.12,0.59,0.47,0.59,0.48,0.05,0.53,0.48,0.53,Matches
235,R�ben Macedo,pt POR,"FW,MF",Nacional,28-280,1996,12,8,711,7.9,0.13,0.00,0.13,0.00,0.13,0.13,0.00,0.00,0.33,0.23,0.18,0.41,5.06,1.65,5.57,0.13,0.00,0.13,0.00,0.00,0.33,0.17,0.51,0.23,0.41,Matches
236,Tiago Machado,pt POR,"MF,FW",Boavista,20-256,2004,7,0,64,0.7,0.00,0.00,0.00,0.00,0.00,0.00,0.00,0.00,0.29,0.29,0.29,0.57,0.00,2.86,10.0,0.00,0.00,0.00,0.00,0.00,0.22,0.32,0.54,0.22,0.54,Matches
237,Madson,br BRA,FW,Moreirense,25-110,1999,13,12,870,9.7,0.21,0.00,0.21,0.21,0.00,0.00,0.00,0.00,0.15,0.15,0.08,0.24,2.99,1.96,6.60,0.21,0.00,0.21,0.21,0.21,0.15,0.08,0.24,0.15,0.24,Matches
238,Eliaquim Mangala,fr FRA,DF,Estoril,33-305,1991,6,4,383,4.3,0.00,0.00,0.00,0.00,0.00,0.00,0.93,0.00,0.00,0.00,0.00,0.00,0.47,0.70,0.00,0.00,0.00,0.00,0.00,0.00,0.00,0.00,0.00,0.00,0.00,Matches
239,Ricardo Mangas,pt POR,FW,Vit�ria,26-270,1998,4,4,339,3.8,0.00,0.00,0.00,0.00,0.00,0.00,0.00,0.00,0.24,0.24,0.08,0.32,2.37,1.05,6.58,0.00,0.00,0.00,0.00,0.00,0.24,0.07,0.32,0.24,0.32,Matches
240,Nico Mantl,de GER,GK,Arouca,24-312,2000,13,13,1.17,13.0,0.00,0.00,0.00,0.00,0.00,0.00,0.15,0.00,0.00,0.00,0.00,0.00,0.00,0.00,0.00,0.00,0.00,0.00,0.00,0.00,0.00,0.00,0.00,0.00,0.00,Matches
241,Man�,ao ANG,"FW,MF",Estrela,19-035,2005,1,0,16,0.2,0.00,0.00,0.00,0.00,0.00,0.00,0.00,0.00,0.00,0.00,0.00,0.00,0.00,0.00,5.00,0.00,0.00,0.00,0.00,0.00,0.00,0.00,0.00,0.00,0.00,Matches
242,Manuel Manu,pt POR,MF,Vit�ria,23-185,2001,11,3,350,3.9,0.26,0.00,0.26,0.26,0.00,0.00,0.51,0.00,0.05,0.05,0.03,0.08,0.00,8.46,0.77,0.26,0.00,0.26,0.26,0.26,0.06,0.03,0.09,0.06,0.09,Matches
243,Marac�s,br BRA,DF,Moreirense,30-231,1994,11,8,773,8.6,0.12,0.12,0.23,0.12,0.00,0.00,0.12,0.00,0.16,0.16,0.10,0.27,0.12,0.93,0.00,0.12,0.12,0.23,0.12,0.23,0.17,0.10,0.27,0.17,0.27,Matches
244,Adri�n Mar�n,es ESP,DF,Braga,27-340,1997,8,7,620,6.9,0.00,0.29,0.29,0.00,0.00,0.00,0.00,0.00,0.00,0.00,0.10,0.10,0.87,8.41,2.03,0.00,0.29,0.29,0.00,0.29,0.00,0.10,0.10,0.00,0.10,Matches
245,Jo�o M�rio,pt POR,"FW,MF",Benfica,31-330,1993,2,2,154,1.7,0.00,0.00,0.00,0.00,0.00,0.00,0.59,0.00,0.06,0.06,0.18,0.24,1.76,10.6,10.0,0.00,0.00,0.00,0.00,0.00,0.05,0.19,0.24,0.05,0.24,Matches
246,Jo�o M�rio Lopes,pt POR,DF,Porto,24-346,2000,10,5,464,5.2,0.00,0.58,0.58,0.00,0.00,0.00,0.38,0.00,0.08,0.08,0.46,0.54,5.00,7.12,13.1,0.00,0.58,0.58,0.00,0.58,0.08,0.47,0.55,0.08,0.55,Matches
247,Uladzisla? Maroza?,by BLR,"FW,MF",Arouca,24-063,2000,7,1,99,1.1,0.00,0.00,0.00,0.00,0.00,0.00,0.00,0.00,0.00,0.00,0.00,0.00,1.82,0.00,3.64,0.00,0.00,0.00,0.00,0.00,0.01,0.00,0.01,0.01,0.01,Matches
248,Alejandro Marqu�s,ve VEN,FW,Estoril,24-132,2000,13,11,992,11.0,0.45,0.00,0.45,0.27,0.18,0.18,0.00,0.00,0.25,0.10,0.02,0.12,0.45,1.09,2.82,0.45,0.00,0.45,0.27,0.27,0.25,0.01,0.26,0.10,0.12,Matches
249,Jo�o Marques,pt POR,"MF,FW",Braga,22-305,2002,3,0,37,0.4,0.00,0.00,0.00,0.00,0.00,0.00,2.50,0.00,0.25,0.25,0.00,0.25,0.00,2.50,15.0,0.00,0.00,0.00,0.00,0.00,0.22,0.04,0.26,0.22,0.26,Matches
250,Gabri Mart�nez,es ESP,"FW,DF",Braga,21-327,2003,11,8,703,7.8,0.38,0.26,0.64,0.38,0.00,0.00,0.26,0.00,0.36,0.29,0.31,0.60,5.26,3.72,10.1,0.38,0.26,0.64,0.38,0.64,0.35,0.30,0.66,0.30,0.60,Matches
251,Toni Mart�nez,es ESP,FW,Porto,27-167,1997,1,0,4,0.0,0,0,0,0,0,0,0,0,0.0,0.0,0.0,0.0,0,0,0,0.00,0.00,0.00,0.00,0.00,0.00,0.00,0.00,0.00,0.00,Matches
252,Bernardo Sousa Pereira Brites Martins,pt POR,"FW,MF",Moreirense,27-010,1997,11,5,452,5.0,0.20,0.20,0.40,0.20,0.00,0.00,0.20,0.00,0.08,0.08,0.14,0.24,1.80,4.80,4.40,0.20,0.20,0.40,0.20,0.40,0.08,0.15,0.23,0.08,0.23,Matches
253,Matheus,br BRA,GK,Braga,32-148,1992,12,12,1.08,12.0,0.00,0.00,0.00,0.00,0.00,0.00,0.00,0.00,0.00,0.00,0.00,0.00,0.00,0.00,0.00,0.00,0.00,0.00,0.00,0.00,0.00,0.00,0.00,0.00,0.00,Matches
254,Marco Matias,pt POR,FW,Farense,35-218,1989,7,4,297,3.3,0.30,0.30,0.61,0.30,0.00,0.00,0.00,0.00,0.12,0.12,0.21,0.33,0.61,1.82,3.33,0.30,0.30,0.61,0.30,0.61,0.11,0.21,0.32,0.11,0.32,Matches
255,Jordi Mboula,es ESP,"FW,MF",Gil Vicente FC,25-273,1999,10,6,584,6.5,0.00,0.31,0.31,0.00,0.00,0.00,0.15,0.00,0.18,0.18,0.06,0.23,2.46,2.92,6.00,0.00,0.31,0.31,0.00,0.31,0.18,0.06,0.24,0.18,0.24,Matches
256,Tob�as Medina,ar ARG,"MF,FW",Rio Ave,20-286,2004,2,0,30,0.3,0.00,0.00,0.00,0.00,0.00,0.00,0.00,0.00,0.00,0.00,0.00,0.00,6.67,0.00,3.33,0.00,0.00,0.00,0.00,0.00,0.00,0.00,0.00,0.00,0.00,Matches
257,Francisco Meixedo,pt POR,GK,Estrela,23-209,2001,1,0,45,0.5,0.00,0.00,0.00,0.00,0.00,0.00,0.00,0.00,0.00,0.00,0.00,0.00,0.00,0.00,0.00,0.00,0.00,0.00,0.00,0.00,0.00,0.00,0.00,0.00,0.00,Matches
258,Yair Mena Palacios,co COL,"FW,DF",AVS Futebol,24-169,2000,5,0,39,0.4,0.00,0.00,0.00,0.00,0.00,0.00,5.00,0.00,0.25,0.25,0.00,0.25,0.00,0.00,7.50,0.00,0.00,0.00,0.00,0.00,0.13,0.11,0.23,0.13,0.23,Matches
259,Jo�o Mendes,pt POR,"FW,MF",Vit�ria,30-054,1994,14,6,632,7.0,0.14,0.00,0.14,0.14,0.00,0.00,0.14,0.00,0.09,0.09,0.04,0.13,1.71,2.57,4.43,0.14,0.00,0.14,0.14,0.14,0.16,0.07,0.24,0.16,0.24,Matches
260,Jo�o Mendes,pt POR,DF,Vit�ria,24-245,2000,11,11,974,10.8,0.00,0.00,0.00,0.00,0.00,0.00,0.28,0.00,0.01,0.01,0.05,0.06,2.69,4.91,7.22,0.00,0.00,0.00,0.00,0.00,0.01,0.04,0.05,0.01,0.05,Matches
261,Joe Mendes,se SWE,DF,Braga,21-349,2002,4,2,184,2.0,0.00,0.00,0.00,0.00,0.00,0.00,0.00,0.00,0.00,0.00,0.00,0.05,5.50,5.00,9.50,0.00,0.00,0.00,0.00,0.00,0.02,0.02,0.03,0.02,0.03,Matches
262,Gustavo Mendon�a,pt POR,MF,AVS Futebol,21-278,2003,3,1,93,1.0,0.00,0.00,0.00,0.00,0.00,0.00,0.00,0.00,0.00,0.00,0.00,0.00,0.00,3.00,1.00,0.00,0.00,0.00,0.00,0.00,0.03,0.00,0.03,0.03,0.03,Matches
263,Miguel Menino,pt POR,MF,Farense,21-339,2003,10,7,620,6.9,0.00,0.00,0.00,0.00,0.00,0.00,0.14,0.00,0.01,0.01,0.07,0.10,1.16,2.03,2.32,0.00,0.00,0.00,0.00,0.00,0.02,0.08,0.10,0.02,0.10,Matches
264,John Mercado,ec ECU,"FW,MF",AVS Futebol,22-194,2002,12,11,862,9.6,0.10,0.10,0.21,0.10,0.00,0.00,0.00,0.00,0.11,0.11,0.09,0.21,2.40,0.83,6.98,0.10,0.10,0.21,0.10,0.21,0.11,0.10,0.21,0.11,0.21,Matches
265,Mehdi Merghem,fr FRA,"MF,FW",Farense,27-148,1997,7,4,344,3.8,0.00,0.00,0.00,0.00,0.00,0.00,0.53,0.00,0.05,0.05,0.39,0.45,3.42,4.74,4.47,0.00,0.00,0.00,0.00,0.00,0.06,0.39,0.45,0.06,0.45,Matches
266,Bruno Messi,pt POR,"MF,FW",Santa Clara,28-096,1996,5,0,95,1.1,0.00,0.00,0.00,0.00,0.00,0.00,0.00,0.00,0.09,0.09,0.00,0.09,4.55,0.91,10.9,0.00,0.00,0.00,0.00,0.00,0.11,0.00,0.11,0.11,0.11,Matches
267,Enea Mihaj,al ALB,DF,Famalic�o,26-162,1998,13,13,1.093,12.1,0.00,0.08,0.08,0.00,0.00,0.00,0.33,0.00,0.02,0.02,0.01,0.03,0.33,2.23,0.08,0.00,0.08,0.08,0.00,0.08,0.03,0.01,0.03,0.03,0.03,Matches
268,�lex Mill�n,es ESP,"FW,MF",Farense,25-037,1999,8,4,380,4.2,0.00,0.00,0.00,0.00,0.00,0.00,0.24,0.00,0.02,0.02,0.02,0.05,0.24,0.71,1.67,0.00,0.00,0.00,0.00,0.00,0.02,0.02,0.04,0.02,0.04,Matches
269,Cezary Miszta,pl POL,GK,Rio Ave,23-045,2001,5,5,450,5.0,0.00,0.00,0.00,0.00,0.00,0.00,0.00,0.00,0.00,0.00,0.00,0.00,0.00,0.00,0.00,0.00,0.00,0.00,0.00,0.00,0.00,0.00,0.00,0.00,0.00,Matches
270,Rodrigo Mora,pt POR,MF,Porto,17-223,2007,4,0,55,0.6,1.67,0.00,1.67,1.67,0.00,0.00,1.67,0.00,0.50,0.50,0.00,0.50,1.67,13.3,11.7,1.64,0.00,1.64,1.64,1.64,0.52,0.00,0.52,0.52,0.52,Matches
271,Morato,br BRA,DF,Benfica,23-167,2001,1,1,90,1.0,0.00,0.00,0.00,0.00,0.00,0.00,0.00,0.00,0.10,0.10,0.00,0.10,4.00,10.0,0.00,0.00,0.00,0.00,0.00,0.00,0.05,0.00,0.05,0.05,0.05,Matches
272,Paulo Moreira,pt POR,MF,Estrela,24-301,2000,8,3,277,3.1,0.32,0.00,0.32,0.32,0.00,0.00,0.65,0.00,0.00,0.00,0.00,0.03,1.29,3.55,1.94,0.32,0.00,0.32,0.32,0.32,0.01,0.01,0.02,0.01,0.02,Matches
273,Marco Moreno,es ESP,DF,Farense,23-298,2001,10,9,778,8.6,0.00,0.00,0.00,0.00,0.00,0.00,0.23,0.00,0.07,0.07,0.01,0.08,0.47,1.63,0.00,0.00,0.00,0.00,0.00,0.00,0.07,0.01,0.08,0.07,0.08,Matches
274,Hidemasa Morita,jp JPN,MF,Sporting CP,29-218,1995,13,7,756,8.4,0.24,0.24,0.48,0.24,0.00,0.00,0.00,0.00,0.17,0.17,0.15,0.32,1.19,7.38,3.10,0.24,0.24,0.48,0.24,0.48,0.17,0.16,0.32,0.17,0.32,Matches
275,Moura,pt POR,DF,Famalic�o,25-120,1999,4,4,360,4.0,0.00,0.25,0.25,0.00,0.00,0.00,0.00,0.00,0.03,0.03,0.13,0.15,2.25,2.25,4.75,0.00,0.25,0.25,0.00,0.25,0.01,0.13,0.14,0.01,0.14,Matches
276,Moura,pt POR,DF,Porto,25-120,1999,9,9,767,8.5,0.00,0.35,0.35,0.00,0.00,0.00,0.00,0.00,0.00,0.00,0.22,0.24,2.12,5.29,6.12,0.00,0.35,0.35,0.00,0.35,0.00,0.23,0.23,0.00,0.23,Matches
277,Jo�o Moutinho,pt POR,MF,Braga,38-097,1986,5,4,366,4.1,0.00,0.00,0.00,0.00,0.00,0.00,0.24,0.00,0.02,0.02,0.15,0.17,0.73,6.59,1.95,0.00,0.00,0.00,0.00,0.00,0.01,0.16,0.17,0.01,0.17,Matches
278,MT,br BRA,"MF,DF",Santa Clara,23-288,2001,13,13,1.17,13.0,0.00,0.08,0.08,0.00,0.00,0.00,0.23,0.00,0.03,0.03,0.12,0.15,1.69,4.69,3.00,0.00,0.08,0.08,0.00,0.08,0.03,0.12,0.16,0.03,0.16,Matches
279,Jonathan Mutombo,fr FRA,DF,Gil Vicente FC,22-109,2002,5,2,230,2.6,0.00,0.00,0.00,0.00,0.00,0.00,0.38,0.00,0.04,0.04,0.12,0.15,0.77,6.15,5.77,0.00,0.00,0.00,0.00,0.00,0.03,0.11,0.14,0.03,0.14,Matches
280,Manuel Namora,pt POR,DF,Boavista,26-306,1998,1,0,3,0.0,0,0,0,0,0,0,0,0,0.0,0.0,0.0,0.0,0,0,0,0.00,0.00,0.00,0.00,0.00,0.00,0.00,0.00,0.00,0.00,Matches
281,Nani,pt POR,"FW,MF",Estrela,38-027,1986,9,4,465,5.2,0.19,0.00,0.19,0.19,0.00,0.00,0.58,0.00,0.06,0.06,0.08,0.13,1.73,2.12,3.85,0.19,0.00,0.19,0.19,0.19,0.06,0.07,0.13,0.06,0.13,Matches
282,Fran Navarro,es ESP,FW,Porto,26-315,1998,4,1,91,1.0,0.00,0.00,0.00,0.00,0.00,0.00,0.00,0.00,0.40,0.40,0.00,0.40,0.00,1.00,5.00,0.00,0.00,0.00,0.00,0.00,0.43,0.00,0.43,0.43,0.43,Matches
283,Christian Neiva Afonso,pt POR,DF,AVS Futebol,30-004,1994,13,12,992,11.0,0.09,0.18,0.27,0.09,0.00,0.00,0.09,0.00,0.03,0.03,0.11,0.14,1.00,2.27,2.55,0.09,0.18,0.27,0.09,0.27,0.02,0.11,0.14,0.02,0.14,Matches
284,Nen�,br BRA,FW,AVS Futebol,41-139,1983,6,3,285,3.2,0.63,0.00,0.63,0.63,0.00,0.00,0.31,0.00,0.31,0.31,0.00,0.34,0.00,3.13,4.38,0.63,0.00,0.63,0.63,0.63,0.33,0.01,0.34,0.33,0.34,Matches
285,Neto,br BRA,MF,Farense,33-103,1991,12,10,765,8.5,0.00,0.00,0.00,0.00,0.00,0.00,0.59,0.00,0.02,0.02,0.04,0.06,0.12,3.65,0.47,0.00,0.00,0.00,0.00,0.00,0.02,0.03,0.06,0.02,0.06,Matches
286,Martim Neto,pt POR,MF,Rio Ave,21-335,2003,8,7,527,5.9,0.17,0.17,0.34,0.17,0.00,0.00,0.34,0.00,0.02,0.02,0.12,0.14,1.36,5.93,2.20,0.17,0.17,0.34,0.17,0.34,0.02,0.12,0.14,0.02,0.14,Matches
287,Sikou Niakat�,ml MLI,DF,Braga,25-157,1999,10,10,900,10.0,0.10,0.00,0.10,0.10,0.00,0.00,0.20,0.00,0.05,0.05,0.00,0.05,0.20,4.30,0.10,0.10,0.00,0.10,0.10,0.10,0.05,0.00,0.05,0.05,0.05,Matches
288,Miguel N�brega,pt POR,DF,Rio Ave,24-241,2000,1,1,90,1.0,0.00,0.00,0.00,0.00,0.00,0.00,0.00,0.00,0.00,0.00,0.00,0.00,1.00,3.00,0.00,0.00,0.00,0.00,0.00,0.00,0.00,0.00,0.00,0.00,0.00,Matches
289,Jo�o Novais,pt POR,MF,Rio Ave,31-157,1993,12,7,662,7.4,0.00,0.00,0.00,0.00,0.00,0.00,0.00,0.00,0.05,0.05,0.24,0.30,2.43,4.59,3.38,0.00,0.00,0.00,0.00,0.00,0.06,0.24,0.30,0.06,0.30,Matches
290,Samuel Obeng,gh GHA,FW,Casa Pia,27-213,1997,7,4,298,3.3,0.00,0.00,0.00,0.00,0.00,0.00,0.00,0.00,0.15,0.15,0.00,0.18,0.30,0.91,2.12,0.00,0.00,0.00,0.00,0.00,0.16,0.01,0.17,0.16,0.17,Matches
291,Guillermo Ochoa,mx MEX,GK,AVS Futebol,39-154,1985,7,7,630,7.0,0.00,0.00,0.00,0.00,0.00,0.00,0.14,0.00,0.00,0.00,0.00,0.00,0.00,0.00,0.00,0.00,0.00,0.00,0.00,0.00,0.00,0.00,0.00,0.00,0.00,Matches
292,Lawrence Ofori,gh GHA,MF,Moreirense,26-169,1998,8,7,614,6.8,0.15,0.15,0.29,0.15,0.00,0.00,0.15,0.00,0.00,0.00,0.09,0.10,0.88,4.26,0.88,0.15,0.15,0.29,0.15,0.29,0.01,0.09,0.10,0.01,0.10,Matches
293,Leonardo Oliveira,pt POR,FW,Famalic�o,19-310,2005,1,0,31,0.3,0.00,0.00,0.00,0.00,0.00,0.00,0.00,0.00,0.00,0.00,0.00,0.00,0.00,0.00,0.00,0.00,0.00,0.00,0.00,0.00,0.00,0.00,0.00,0.00,0.00,Matches
294,N�lson Oliveira,pt POR,FW,Vit�ria,33-128,1991,13,10,833,9.3,0.32,0.32,0.65,0.32,0.00,0.00,0.22,0.00,0.17,0.17,0.24,0.41,1.29,1.40,4.41,0.32,0.32,0.65,0.32,0.65,0.17,0.24,0.41,0.17,0.41,Matches
295,Paulo Oliveira,pt POR,DF,Braga,32-341,1992,5,5,440,4.9,0.00,0.00,0.00,0.00,0.00,0.00,0.20,0.00,0.22,0.22,0.00,0.22,0.41,2.45,0.00,0.00,0.00,0.00,0.00,0.00,0.22,0.00,0.22,0.22,0.22,Matches
296,Talys Oliveira,br BRA,DF,Farense,25-308,1999,3,3,250,2.8,0.00,0.00,0.00,0.00,0.00,0.00,0.00,0.00,0.00,0.00,0.07,0.11,1.43,4.64,4.29,0.00,0.00,0.00,0.00,0.00,0.01,0.08,0.10,0.01,0.10,Matches
297,Samu Omorodion,es ESP,FW,Porto,20-223,2004,10,8,748,8.3,1.20,0.12,1.33,1.20,0.00,0.00,0.24,0.00,0.63,0.63,0.11,0.72,0.60,1.57,5.18,1.20,0.12,1.32,1.20,1.32,0.62,0.10,0.73,0.62,0.73,Matches
298,Bruno Onyemaechi,ng NGA,DF,Boavista,25-255,1999,13,12,1.117,12.4,0.08,0.00,0.08,0.08,0.00,0.00,0.16,0.00,0.05,0.05,0.06,0.10,1.21,2.10,4.11,0.08,0.00,0.08,0.08,0.08,0.05,0.06,0.11,0.05,0.11,Matches
299,Jandro Orellana,es ESP,MF,Estoril,24-129,2000,13,9,740,8.2,0.00,0.00,0.00,0.00,0.00,0.00,0.24,0.00,0.02,0.02,0.04,0.05,0.73,3.41,0.85,0.00,0.00,0.00,0.00,0.00,0.02,0.03,0.05,0.02,0.05,Matches
300,Nicol�s Otamendi,ar ARG,DF,Benfica,36-306,1988,11,10,906,10.1,0.10,0.20,0.30,0.10,0.00,0.00,0.10,0.00,0.08,0.08,0.13,0.21,0.30,4.36,0.10,0.10,0.20,0.30,0.10,0.30,0.08,0.13,0.21,0.08,0.21,Matches
301,Amine El Ouazzani,ma MAR,FW,Braga,23-152,2001,13,7,669,7.4,0.54,0.14,0.68,0.54,0.00,0.00,0.14,0.00,0.61,0.61,0.09,0.70,1.08,1.22,4.86,0.54,0.13,0.67,0.54,0.67,0.60,0.09,0.69,0.60,0.69,Matches
302,Amine Oudrhiri,ma MAR,MF,Rio Ave,32-040,1992,11,8,629,7.0,0.00,0.00,0.00,0.00,0.00,0.00,0.29,0.14,0.00,0.00,0.01,0.01,0.00,2.71,0.43,0.00,0.00,0.00,0.00,0.00,0.00,0.01,0.02,0.00,0.02,Matches
303,Pablo,br BRA,"MF,FW",Gil Vicente FC,20-347,2004,3,0,37,0.4,0.00,0.00,0.00,0.00,0.00,0.00,0.00,0.00,0.25,0.25,0.00,0.25,2.50,0.00,0.00,0.00,0.00,0.00,0.00,0.00,0.30,0.00,0.30,0.30,0.30,Matches
304,Renato Pantalon,hr CRO,DF,Rio Ave,27-048,1997,8,7,690,7.7,0.00,0.00,0.00,0.00,0.00,0.00,0.13,0.00,0.10,0.10,0.01,0.12,0.26,3.51,0.78,0.00,0.00,0.00,0.00,0.00,0.11,0.01,0.12,0.11,0.12,Matches
305,Jonathan Panzo,eng ENG,DF,Rio Ave,24-050,2000,7,6,481,5.3,0.00,0.00,0.00,0.00,0.00,0.00,0.38,0.00,0.06,0.06,0.08,0.13,0.94,4.15,0.00,0.00,0.00,0.00,0.00,0.00,0.06,0.08,0.14,0.06,0.14,Matches
306,David Pastor,br BRA,"DF,MF",Farense,24-298,2000,11,10,913,10.1,0.00,0.10,0.10,0.00,0.00,0.00,0.00,0.00,0.01,0.01,0.09,0.10,1.98,2.38,4.26,0.00,0.10,0.10,0.00,0.10,0.01,0.09,0.10,0.01,0.10,Matches
307,Patrick,br BRA,DF,Rio Ave,27-194,1997,10,8,725,8.1,0.12,0.00,0.12,0.12,0.00,0.00,0.62,0.12,0.14,0.14,0.00,0.14,1.11,3.46,0.49,0.12,0.00,0.12,0.12,0.12,0.13,0.00,0.13,0.13,0.13,Matches
308,Vangelis Pavlidis,gr GRE,FW,Benfica,26-023,1998,12,12,961,10.7,0.28,0.19,0.47,0.28,0.00,0.00,0.09,0.00,0.40,0.40,0.17,0.56,2.06,1.78,8.22,0.28,0.19,0.47,0.28,0.47,0.40,0.16,0.57,0.40,0.57,Matches
309,Z� Pedro Figueiredo,pt POR,DF,Porto,27-191,1997,8,7,657,7.3,0.00,0.00,0.00,0.00,0.00,0.00,0.14,0.00,0.03,0.03,0.03,0.05,0.55,5.89,0.55,0.00,0.00,0.00,0.00,0.00,0.02,0.03,0.05,0.02,0.05,Matches
310,Daniel Penha,br BRA,MF,Nacional,26-058,1998,10,6,519,5.8,0.17,0.00,0.17,0.17,0.00,0.00,0.00,0.00,0.14,0.14,0.07,0.21,2.07,4.14,3.79,0.17,0.00,0.17,0.17,0.17,0.14,0.07,0.21,0.14,0.21,Matches
311,Pep�,br BRA,"FW,MF",Porto,27-294,1997,13,10,927,10.3,0.29,0.19,0.49,0.29,0.00,0.00,0.19,0.00,0.38,0.38,0.22,0.60,1.26,3.59,7.67,0.29,0.19,0.49,0.29,0.49,0.38,0.23,0.61,0.38,0.61,Matches
312,Pereira,pt POR,"FW,MF",Casa Pia,22-303,2002,7,3,235,2.6,0.38,0.00,0.38,0.38,0.00,0.00,0.00,0.00,0.08,0.08,0.19,0.27,3.85,1.92,8.08,0.38,0.00,0.38,0.38,0.38,0.09,0.19,0.28,0.09,0.28,Matches
313,Francisco Pereira,pt POR,MF,Estoril,22-312,2002,1,0,12,0.1,0.00,0.00,0.00,0.00,0.00,0.00,0.00,0.00,0.00,0.00,0.00,0.00,0.00,10.0,0.00,0.00,0.00,0.00,0.00,0.00,0.00,0.00,0.00,0.00,0.00,Matches
314,Matheus Pereira,br BRA,"FW,MF",Santa Clara,23-359,2000,11,4,433,4.8,0.00,0.83,0.83,0.00,0.00,0.00,0.83,0.00,0.19,0.19,0.50,0.67,1.88,0.83,4.38,0.00,0.83,0.83,0.00,0.83,0.18,0.50,0.67,0.18,0.67,Matches
315,Sebasti�n P�rez Cardona,co COL,MF,Boavista,31-260,1993,12,9,827,9.2,0.00,0.00,0.00,0.00,0.00,0.00,0.22,0.11,0.03,0.03,0.07,0.10,0.33,4.78,0.43,0.00,0.00,0.00,0.00,0.00,0.03,0.06,0.10,0.03,0.10,Matches
316,Nehu�n P�rez,ar ARG,DF,Porto,24-173,2000,9,9,783,8.7,0.00,0.00,0.00,0.00,0.00,0.00,0.11,0.00,0.03,0.03,0.01,0.06,0.92,4.83,0.23,0.00,0.00,0.00,0.00,0.00,0.04,0.02,0.05,0.04,0.05,Matches
317,Petterson,br BRA,"MF,FW",Estrela,20-345,2004,3,0,69,0.8,0.00,0.00,0.00,0.00,0.00,0.00,0.00,0.00,0.13,0.13,0.00,0.13,1.25,5.00,11.3,0.00,0.00,0.00,0.00,0.00,0.18,0.00,0.18,0.18,0.18,Matches
318,Lucas Piazon,br BRA,MF,AVS Futebol,30-329,1994,12,12,1.023,11.4,0.00,0.09,0.09,0.00,0.00,0.00,0.18,0.00,0.12,0.12,0.07,0.19,1.32,4.91,4.21,0.00,0.09,0.09,0.00,0.09,0.13,0.07,0.20,0.13,0.20,Matches
319,Wagner Pina,cv CPV,"DF,MF",Estoril,22-041,2002,13,11,956,10.6,0.19,0.09,0.28,0.19,0.00,0.00,0.19,0.00,0.14,0.14,0.07,0.21,1.51,1.13,4.62,0.19,0.09,0.28,0.19,0.28,0.14,0.06,0.20,0.14,0.20,Matches
320,Rodrigo Pinheiro,pt POR,DF,Famalic�o,22-108,2002,9,3,334,3.7,0.00,0.00,0.00,0.00,0.00,0.00,0.00,0.00,0.05,0.05,0.00,0.05,2.70,4.86,5.68,0.00,0.00,0.00,0.00,0.00,0.05,0.01,0.06,0.05,0.06,Matches
321,Rodrigo Pinho,br BRA,FW,Estrela,33-198,1991,13,7,672,7.5,0.40,0.00,0.40,0.27,0.13,0.13,0.00,0.00,0.43,0.32,0.00,0.32,0.80,0.80,2.00,0.40,0.00,0.40,0.27,0.27,0.43,0.00,0.43,0.32,0.33,Matches
322,Alexandre Pinto,pt POR,"DF,FW",Arouca,26-159,1998,3,0,15,0.2,0.00,0.00,0.00,0.00,0.00,0.00,0.00,0.00,0.00,0.00,0.00,0.00,0.00,10.0,15.0,0.00,0.00,0.00,0.00,0.00,0.00,0.00,0.00,0.00,0.00,Matches
323,Dinis Pinto,pt POR,DF,Moreirense,24-112,2000,8,6,567,6.3,0.32,0.16,0.48,0.32,0.00,0.00,0.32,0.00,0.10,0.10,0.08,0.17,2.70,3.97,4.76,0.32,0.16,0.48,0.32,0.48,0.09,0.08,0.18,0.09,0.18,Matches
324,Jaime Pinto,pt POR,"FW,MF",Farense,27-077,1997,4,0,90,1.0,0.00,0.00,0.00,0.00,0.00,0.00,0.00,0.00,0.40,0.40,0.00,0.40,5.00,2.00,3.00,0.00,0.00,0.00,0.00,0.00,0.37,0.00,0.37,0.37,0.37,Matches
325,Jo�o Pinto,pt POR,MF,Gil Vicente FC,22-105,2002,1,0,1,0.0,0,0,0,0,0,0,0,0,0.0,0.0,0.0,0.0,0,0,0,0.00,0.00,0.00,0.00,0.00,0.00,0.00,0.00,0.00,0.00,Matches
326,Ole Pohlmann,de GER,"MF,FW",Rio Ave,23-253,2001,9,6,505,5.6,0.00,0.18,0.18,0.00,0.00,0.00,0.00,0.00,0.04,0.04,0.05,0.09,1.96,2.68,3.93,0.00,0.18,0.18,0.00,0.18,0.03,0.05,0.08,0.03,0.08,Matches
327,Carlos Ponck,cv CPV,DF,Moreirense,29-336,1995,8,5,465,5.2,0.00,0.00,0.00,0.00,0.00,0.00,0.00,0.00,0.02,0.02,0.02,0.02,0.00,2.31,0.00,0.00,0.00,0.00,0.00,0.00,0.01,0.01,0.02,0.01,0.02,Matches
328,Boris Popovi?,rs SRB,DF,Arouca,24-292,2000,7,6,545,6.1,0.00,0.00,0.00,0.00,0.00,0.00,0.00,0.00,0.02,0.02,0.00,0.02,0.33,2.30,0.16,0.00,0.00,0.00,0.00,0.00,0.01,0.00,0.01,0.01,0.01,Matches
329,Dar�o Poveda,es ESP,FW,Farense,27-276,1997,11,6,582,6.5,0.31,0.15,0.46,0.31,0.00,0.00,0.00,0.00,0.22,0.22,0.00,0.22,1.23,1.54,4.15,0.31,0.15,0.46,0.31,0.46,0.22,0.01,0.22,0.22,0.22,Matches
330,Gianluca Prestianni,ar ARG,"MF,FW",Benfica,18-318,2006,7,4,274,3.0,0.00,0.00,0.00,0.00,0.00,0.00,0.33,0.00,0.17,0.17,0.03,0.23,2.33,6.67,12.3,0.00,0.00,0.00,0.00,0.00,0.18,0.04,0.22,0.18,0.22,Matches
331,Miguel Puche Garc�a,es ESP,"FW,DF",Arouca,23-228,2001,6,0,30,0.3,0.00,0.00,0.00,0.00,0.00,0.00,0.00,0.00,0.33,0.33,0.00,0.33,13.3,23.3,23.3,0.00,0.00,0.00,0.00,0.00,0.15,0.00,0.15,0.15,0.15,Matches
332,Quaresma,br BRA,DF,Arouca,28-114,1996,3,0,78,0.9,0.00,0.00,0.00,0.00,0.00,0.00,1.11,0.00,0.00,0.00,0.00,0.00,5.56,4.44,5.56,0.00,0.00,0.00,0.00,0.00,0.01,0.00,0.01,0.01,0.01,Matches
333,Eduardo Quaresma,pt POR,DF,Sporting CP,22-287,2002,6,5,391,4.3,0.00,0.00,0.00,0.00,0.00,0.00,0.00,0.00,0.00,0.00,0.00,0.02,2.79,7.67,1.40,0.00,0.00,0.00,0.00,0.00,0.01,0.01,0.02,0.01,0.02,Matches
334,Geovany Quenda,pt POR,"MF,DF",Sporting CP,17-228,2007,13,10,826,9.2,0.11,0.00,0.11,0.11,0.00,0.00,0.11,0.00,0.13,0.13,0.11,0.24,4.67,4.13,9.78,0.11,0.00,0.11,0.11,0.11,0.13,0.11,0.24,0.13,0.24,Matches
335,Jes�s Ram�rez,ve VEN,FW,Vit�ria,26-224,1998,12,3,330,3.7,0.54,0.27,0.81,0.54,0.00,0.00,0.00,0.00,0.57,0.57,0.11,0.68,0.81,1.62,6.22,0.55,0.27,0.82,0.55,0.82,0.59,0.10,0.68,0.59,0.68,Matches
336,Guilherme Ramos,pt POR,DF,Santa Clara,27-125,1997,2,1,69,0.8,0.00,0.00,0.00,0.00,0.00,0.00,1.25,0.00,0.00,0.00,0.00,0.00,1.25,5.00,0.00,0.00,0.00,0.00,0.00,0.00,0.00,0.00,0.00,0.00,0.00,Matches
337,Jo�o R�go,pt POR,FW,Benfica,19-177,2005,1,0,5,0.1,0.00,0.00,0.00,0.00,0.00,0.00,0.00,0.00,0.00,0.00,0.00,0.00,10.0,0.00,20.0,0.00,0.00,0.00,0.00,0.00,0.00,0.00,0.00,0.00,0.00,Matches
338,Francisco Reis Ferreira,pt POR,DF,Estrela,27-263,1997,7,7,586,6.5,0.00,0.00,0.00,0.00,0.00,0.00,0.46,0.00,0.02,0.02,0.02,0.03,0.62,3.38,0.46,0.00,0.00,0.00,0.00,0.00,0.01,0.02,0.03,0.01,0.03,Matches
339,Matheus Reis,br BRA,DF,Sporting CP,29-300,1995,11,6,496,5.5,0.00,0.18,0.18,0.00,0.00,0.00,0.00,0.00,0.04,0.04,0.11,0.16,2.36,9.45,5.45,0.00,0.18,0.18,0.00,0.18,0.04,0.12,0.16,0.04,0.16,Matches
340,Tiago Reis,br BRA,FW,Nacional,25-122,1999,7,3,231,2.6,0.00,0.00,0.00,0.00,0.00,0.00,0.38,0.00,0.62,0.62,0.04,0.69,0.00,0.77,3.08,0.00,0.00,0.00,0.00,0.00,0.64,0.06,0.70,0.64,0.70,Matches
341,Miguel Reisinho,pt POR,"MF,FW",Boavista,25-249,1999,11,9,882,9.8,0.41,0.00,0.41,0.00,0.41,0.41,0.31,0.00,0.40,0.08,0.02,0.10,0.31,2.96,4.18,0.41,0.00,0.41,0.00,0.00,0.40,0.02,0.42,0.08,0.10,Matches
342,Marco Ribeiro,pt POR,MF,Boavista,19-183,2005,7,0,54,0.6,0.00,0.00,0.00,0.00,0.00,0.00,0.00,0.00,0.00,0.00,0.00,0.00,0.00,6.67,3.33,0.00,0.00,0.00,0.00,0.00,0.00,0.04,0.04,0.00,0.04,Matches
343,Rodrigo Ribeiro,pt POR,FW,Sporting CP,19-230,2005,1,0,2,0.0,0,0,0,0,0,0,0,0,0.4,0.4,0.0,0.4,0,0,1,0.00,0.00,0.00,0.00,0.00,16.35,0.00,16.35,16.35,16.35,Matches
344,Rodrigo Ribeiro,pt POR,FW,AVS Futebol,19-230,2005,6,5,438,4.9,0.00,0.00,0.00,0.00,0.00,0.00,0.00,0.00,0.24,0.24,0.04,0.27,1.84,0.82,4.29,0.00,0.00,0.00,0.00,0.00,0.24,0.03,0.28,0.24,0.28,Matches
345,Tom�s Ribeiro,pt POR,DF,Vit�ria,25-228,1999,4,3,315,3.5,0.29,0.00,0.29,0.29,0.00,0.00,0.00,0.00,0.09,0.09,0.00,0.09,0.00,2.00,0.29,0.29,0.00,0.29,0.29,0.29,0.07,0.00,0.07,0.07,0.07,Matches
346,Yuri Ribeiro,pt POR,DF,Braga,27-325,1997,6,3,280,3.1,0.00,0.00,0.00,0.00,0.00,0.00,0.32,0.00,0.06,0.06,0.03,0.10,1.61,8.71,6.13,0.00,0.00,0.00,0.00,0.00,0.05,0.04,0.09,0.05,0.09,Matches
347,Ricardinho,pt POR,"FW,MF",Santa Clara,26-130,1998,11,1,338,3.8,0.79,0.00,0.79,0.79,0.00,0.00,0.53,0.00,0.61,0.61,0.11,0.71,2.89,4.21,3.95,0.80,0.00,0.80,0.80,0.80,0.61,0.10,0.72,0.61,0.72,Matches
348,Riccieli,br BRA,DF,Famalic�o,26-088,1998,6,4,406,4.5,0.00,0.00,0.00,0.00,0.00,0.00,0.22,0.00,0.00,0.00,0.00,0.00,0.00,1.56,0.00,0.00,0.00,0.00,0.00,0.00,0.00,0.00,0.00,0.00,0.00,Matches
349,Omar Richards,eng ENG,"DF,MF",Rio Ave,26-303,1998,10,10,769,8.5,0.00,0.12,0.12,0.00,0.00,0.00,0.24,0.00,0.00,0.00,0.08,0.08,0.94,3.41,3.18,0.00,0.12,0.12,0.00,0.12,0.00,0.08,0.08,0.00,0.08,Matches
350,Rivaldo,,DF,Farense,24-087,2000,5,4,361,4.0,0.00,0.25,0.25,0.00,0.00,0.00,0.00,0.00,0.03,0.03,0.25,0.28,2.00,4.75,5.50,0.00,0.25,0.25,0.00,0.25,0.01,0.25,0.26,0.01,0.26,Matches
351,�scar Rivas,es ESP,DF,Vit�ria,24-262,2000,3,3,270,3.0,0.00,0.00,0.00,0.00,0.00,0.00,0.00,0.00,0.03,0.03,0.00,0.03,0.00,2.33,0.33,0.00,0.00,0.00,0.00,0.00,0.02,0.00,0.02,0.02,0.02,Matches
352,Pablo Roberto,br BRA,"FW,MF",Casa Pia,25-030,1999,7,2,234,2.6,0.00,0.00,0.00,0.00,0.00,0.00,0.00,0.00,0.19,0.19,0.08,0.27,1.92,4.23,6.54,0.00,0.00,0.00,0.00,0.00,0.19,0.09,0.28,0.19,0.28,Matches
353,Joel Robles,es ESP,GK,Estoril,34-180,1990,12,12,1.08,12.0,0.00,0.00,0.00,0.00,0.00,0.00,0.25,0.00,0.00,0.00,0.00,0.00,0.00,0.00,0.00,0.00,0.00,0.00,0.00,0.00,0.00,0.00,0.00,0.00,0.00,Matches
354,Mat�as Rocha,uy URU,DF,Arouca,23-305,2001,3,3,260,2.9,0.00,0.00,0.00,0.00,0.00,0.00,0.69,0.34,0.03,0.03,0.00,0.03,0.00,3.79,0.00,0.00,0.00,0.00,0.00,0.00,0.03,0.00,0.03,0.03,0.03,Matches
355,Rochinha,pt POR,FW,Famalic�o,29-225,1995,11,10,674,7.5,0.00,0.00,0.00,0.00,0.00,0.00,0.27,0.00,0.05,0.05,0.07,0.12,1.60,2.80,3.07,0.00,0.00,0.00,0.00,0.00,0.06,0.06,0.12,0.06,0.12,Matches
356,Afonso Rodrigues,pt POR,FW,Famalic�o,22-117,2002,2,0,2,0.0,0,0,0,0,0,0,0,0,0.0,0.0,0.0,0.0,0,0,2,0.00,0.00,0.00,0.00,0.00,0.00,0.00,0.00,0.00,0.00,Matches
357,Ivo Rodrigues,pt POR,"MF,FW",Arouca,29-259,1995,11,8,641,7.1,0.00,0.14,0.14,0.00,0.00,0.00,0.56,0.00,0.10,0.10,0.13,0.23,1.97,6.76,6.76,0.00,0.14,0.14,0.00,0.14,0.09,0.13,0.22,0.09,0.22,Matches
358,Lu�s Carlos Rocha Rodrigues,pt POR,DF,Santa Clara,38-123,1986,11,11,990,11.0,0.00,0.00,0.00,0.00,0.00,0.00,0.36,0.00,0.02,0.02,0.00,0.02,0.09,1.45,0.00,0.00,0.00,0.00,0.00,0.00,0.01,0.00,0.02,0.01,0.02,Matches
359,Rafael Rodrigues,pt POR,DF,AVS Futebol,22-291,2002,7,1,192,2.1,0.00,0.00,0.00,0.00,0.00,0.00,0.00,0.00,0.00,0.00,0.10,0.10,0.95,1.90,4.76,0.00,0.00,0.00,0.00,0.00,0.00,0.11,0.11,0.00,0.11,Matches
360,Ignacio Rodr�guez,uy URU,DF,AVS Futebol,21-034,2003,4,2,268,3.0,0.00,0.00,0.00,0.00,0.00,0.00,0.33,0.00,0.00,0.00,0.00,0.00,0.00,3.33,0.00,0.00,0.00,0.00,0.00,0.00,0.00,0.00,0.00,0.00,0.00,Matches
361,Benjam�n Rollheiser,ar ARG,"MF,FW",Benfica,24-265,2000,6,1,112,1.2,0.83,0.83,1.67,0.83,0.00,0.00,0.83,0.00,0.50,0.50,0.08,0.58,3.33,5.83,12.5,0.80,0.80,1.61,0.80,1.61,0.51,0.06,0.56,0.51,0.56,Matches
362,Baptiste Roux,fr FRA,"DF,MF",AVS Futebol,25-018,1999,11,11,982,10.9,0.00,0.00,0.00,0.00,0.00,0.00,0.18,0.00,0.00,0.00,0.00,0.01,0.18,2.48,0.09,0.00,0.00,0.00,0.00,0.00,0.00,0.00,0.01,0.00,0.01,Matches
363,Alan Ruiz,ar ARG,"MF,FW",Estrela,31-117,1993,12,6,558,6.2,0.00,0.16,0.16,0.00,0.00,0.00,0.65,0.00,0.06,0.06,0.11,0.18,1.45,4.68,4.68,0.00,0.16,0.16,0.00,0.16,0.06,0.11,0.17,0.06,0.17,Matches
364,Gustavo s�,pt POR,MF,Famalic�o,20-033,2004,13,12,855,9.5,0.11,0.11,0.21,0.11,0.00,0.00,0.21,0.00,0.11,0.11,0.08,0.19,1.16,3.16,4.21,0.11,0.11,0.21,0.11,0.21,0.10,0.09,0.19,0.10,0.19,Matches
365,Josu� S�,pt POR,DF,Gil Vicente FC,32-180,1992,5,2,175,1.9,0.00,0.00,0.00,0.00,0.00,0.00,0.53,0.00,0.00,0.00,0.00,0.00,1.58,3.16,0.00,0.00,0.00,0.00,0.00,0.00,0.00,0.00,0.00,0.00,0.00,Matches
366,Safira,br BRA,FW,Santa Clara,29-272,1995,11,10,746,8.3,0.24,0.24,0.48,0.12,0.12,0.24,0.60,0.00,0.37,0.18,0.30,0.48,0.60,1.33,2.77,0.24,0.24,0.48,0.12,0.36,0.37,0.30,0.67,0.18,0.48,Matches
367,Sala,es ESP,"FW,DF",Estoril,21-218,2003,7,0,114,1.3,0.00,0.00,0.00,0.00,0.00,0.00,0.00,0.00,0.08,0.08,0.23,0.38,0.77,3.08,8.46,0.00,0.00,0.00,0.00,0.00,0.10,0.26,0.36,0.10,0.36,Matches
368,Samu,pt POR,MF,Vit�ria,28-237,1996,13,9,752,8.4,0.00,0.12,0.12,0.00,0.00,0.00,0.00,0.00,0.07,0.07,0.19,0.26,0.83,5.48,5.12,0.00,0.12,0.12,0.00,0.12,0.07,0.19,0.26,0.07,0.26,Matches
369,Renato Sanches,pt POR,MF,Benfica,27-118,1997,5,0,87,1.0,0.00,0.00,0.00,0.00,0.00,0.00,1.00,0.00,0.00,0.00,0.00,0.00,5.00,19.0,1.00,0.00,0.00,0.00,0.00,0.00,0.00,0.00,0.00,0.00,0.00,Matches
370,Caio Santana,br BRA,"FW,MF",Estrela,20-267,2004,6,0,94,1.0,0.00,0.00,0.00,0.00,0.00,0.00,1.00,0.00,0.00,0.00,0.10,0.10,3.00,1.00,6.00,0.00,0.00,0.00,0.00,0.00,0.00,0.06,0.06,0.00,0.06,Matches
371,Aderlan Santos,br BRA,DF,Rio Ave,35-249,1989,13,13,1.144,12.7,0.00,0.00,0.00,0.00,0.00,0.00,0.16,0.00,0.06,0.06,0.00,0.06,0.16,1.26,0.00,0.00,0.00,0.00,0.00,0.00,0.07,0.00,0.07,0.07,0.07,Matches
372,Bruno Santos,pt POR,FW,Farense,21-242,2003,3,0,57,0.6,0.00,0.00,0.00,0.00,0.00,0.00,0.00,0.00,0.00,0.00,0.00,0.00,0.00,0.00,3.33,0.00,0.00,0.00,0.00,0.00,0.00,0.04,0.04,0.00,0.04,Matches
373,Gabriel Santos,br BRA,"FW,MF",Nacional,25-273,1999,3,0,89,1.0,0.00,0.00,0.00,0.00,0.00,0.00,0.00,0.00,0.30,0.30,0.10,0.40,3.00,1.00,4.00,0.00,0.00,0.00,0.00,0.00,0.27,0.10,0.37,0.27,0.37,Matches
374,L�o Santos,br BRA,DF,Nacional,26-005,1998,3,2,201,2.2,0.00,0.00,0.00,0.00,0.00,0.00,0.45,0.00,0.05,0.05,0.00,0.05,0.00,0.00,0.45,0.00,0.00,0.00,0.00,0.00,0.05,0.00,0.05,0.05,0.05,Matches
375,Nuno Santos,pt POR,"MF,DF",Sporting CP,29-305,1995,7,4,354,3.9,0.00,0.00,0.00,0.00,0.00,0.00,0.00,0.00,0.05,0.05,0.15,0.21,3.33,5.90,14.9,0.00,0.00,0.00,0.00,0.00,0.05,0.15,0.20,0.05,0.20,Matches
376,Nuno Santos,pt POR,"FW,MF",Vit�ria,25-287,1999,13,9,737,8.2,0.12,0.12,0.24,0.12,0.00,0.00,0.24,0.00,0.16,0.16,0.02,0.20,1.22,5.24,6.10,0.12,0.12,0.24,0.12,0.24,0.16,0.03,0.19,0.16,0.19,Matches
377,Pedro Santos,pt POR,"MF,FW",Arouca,24-063,2000,12,2,369,4.1,0.00,0.00,0.00,0.00,0.00,0.00,0.24,0.00,0.07,0.07,0.00,0.07,1.95,5.12,3.90,0.00,0.00,0.00,0.00,0.00,0.08,0.01,0.09,0.07,0.08,Matches
378,Pedro Santos,pt POR,"FW,MF",Moreirense,21-308,2003,10,1,198,2.2,0.00,0.00,0.00,0.00,0.00,0.00,0.91,0.00,0.00,0.00,0.09,0.09,0.45,0.45,4.55,0.00,0.00,0.00,0.00,0.00,0.01,0.09,0.10,0.01,0.10,Matches
379,Guilherme Schettine,br BRA,FW,Moreirense,29-065,1995,12,5,525,5.8,0.52,0.17,0.69,0.52,0.00,0.00,0.52,0.00,0.36,0.36,0.17,0.53,1.72,1.38,3.10,0.51,0.17,0.69,0.51,0.69,0.36,0.17,0.53,0.36,0.53,Matches
380,Andreas Schjelderup,no NOR,FW,Benfica,20-196,2004,3,0,36,0.4,2.50,0.00,2.50,2.50,0.00,0.00,0.00,0.00,1.50,1.50,0.00,1.50,2.50,0.00,5.00,2.50,0.00,2.50,2.50,2.50,1.42,0.05,1.47,1.42,1.47,Matches
381,Telasco Segovia,ve VEN,MF,Casa Pia,21-256,2003,11,6,568,6.3,0.00,0.00,0.00,0.00,0.00,0.00,0.48,0.00,0.16,0.16,0.00,0.17,0.95,4.92,2.06,0.00,0.00,0.00,0.00,0.00,0.17,0.01,0.17,0.17,0.17,Matches
382,Patrick Sequeira,cr CRC,GK,Casa Pia,25-288,1999,12,12,1.08,12.0,0.00,0.00,0.00,0.00,0.00,0.00,0.17,0.00,0.00,0.00,0.02,0.02,0.00,0.00,0.00,0.00,0.00,0.00,0.00,0.00,0.00,0.01,0.01,0.00,0.01,Matches
383,Serginho,pt POR,MF,Santa Clara,25-013,1999,9,3,309,3.4,0.00,0.00,0.00,0.00,0.00,0.00,0.59,0.00,0.06,0.06,0.03,0.09,1.76,2.35,2.06,0.00,0.00,0.00,0.00,0.00,0.05,0.03,0.08,0.05,0.08,Matches
384,Andr� Seruca,pt POR,MF,Farense,24-046,2000,2,0,11,0.1,0.00,0.00,0.00,0.00,0.00,0.00,0.00,0.00,0.00,0.00,0.00,0.00,0.00,0.00,0.00,0.00,0.00,0.00,0.00,0.00,0.00,0.00,0.00,0.00,0.00,Matches
385,Sidney,br BRA,DF,Santa Clara,27-332,1997,12,12,1.08,12.0,0.08,0.08,0.17,0.08,0.00,0.00,0.42,0.00,0.05,0.05,0.05,0.10,0.75,3.50,0.50,0.08,0.08,0.17,0.08,0.17,0.05,0.05,0.10,0.05,0.10,Matches
386,Alysson Silva,br BRA,DF,Santa Clara,22-079,2002,2,2,163,1.8,0.00,0.00,0.00,0.00,0.00,0.00,0.00,0.00,0.00,0.00,0.00,0.00,0.00,1.11,0.00,0.00,0.00,0.00,0.00,0.00,0.00,0.00,0.00,0.00,0.00,Matches
387,Ant�nio Silva,pt POR,DF,Benfica,21-045,2003,5,5,450,5.0,0.20,0.20,0.40,0.20,0.00,0.00,0.20,0.00,0.06,0.06,0.04,0.12,1.80,5.40,0.00,0.20,0.20,0.40,0.20,0.40,0.06,0.05,0.11,0.06,0.11,Matches
388,Gustavo da Silva,br BRA,"FW,MF",Vit�ria,25-196,1999,10,1,245,2.7,0.74,0.00,0.74,0.74,0.00,0.00,1.11,0.00,0.56,0.56,0.11,0.67,2.96,2.22,7.04,0.73,0.00,0.73,0.73,0.73,0.53,0.12,0.65,0.53,0.65,Matches
389,Joel silva,pt POR,"MF,FW",Boavista,21-307,2003,13,12,1.135,12.6,0.08,0.00,0.08,0.08,0.00,0.00,0.24,0.00,0.12,0.12,0.06,0.17,1.43,2.94,3.49,0.08,0.00,0.08,0.08,0.08,0.12,0.06,0.18,0.12,0.18,Matches
390,Lu�s Manuel Costa Silva,pt POR,MF,AVS Futebol,32-076,1992,4,3,256,2.8,0.00,0.00,0.00,0.00,0.00,0.00,0.71,0.00,0.07,0.07,0.00,0.07,0.36,2.14,1.43,0.00,0.00,0.00,0.00,0.00,0.06,0.00,0.06,0.06,0.06,Matches
391,Raul Silva,br BRA,DF,Farense,35-040,1989,4,4,346,3.8,0.26,0.00,0.26,0.26,0.00,0.00,0.53,0.00,0.13,0.13,0.16,0.29,1.05,1.84,0.53,0.26,0.00,0.26,0.26,0.26,0.12,0.16,0.28,0.12,0.28,Matches
392,Tiago Silva,pt POR,MF,Vit�ria,31-195,1993,11,10,847,9.4,0.11,0.32,0.43,0.00,0.11,0.11,0.43,0.11,0.11,0.02,0.14,0.17,0.64,7.77,1.28,0.11,0.32,0.43,0.00,0.32,0.11,0.14,0.25,0.03,0.17,Matches
393,Tom�s Silva,pt POR,"DF,MF",Boavista,18-203,2006,2,0,34,0.4,0.00,0.00,0.00,0.00,0.00,0.00,0.00,0.00,0.25,0.25,0.00,0.25,2.50,0.00,2.50,0.00,0.00,0.00,0.00,0.00,0.16,0.00,0.16,0.16,0.16,Matches
394,David Sim�o,pt POR,MF,Arouca,34-213,1990,13,13,1.008,11.2,0.09,0.00,0.09,0.09,0.00,0.00,0.36,0.00,0.02,0.02,0.06,0.08,0.45,7.59,1.96,0.09,0.00,0.09,0.09,0.09,0.02,0.07,0.08,0.02,0.08,Matches
395,Sphephelo Sithole,za RSA,"FW,MF",Gil Vicente FC,25-286,1999,2,0,53,0.6,0.00,0.00,0.00,0.00,0.00,0.00,0.00,0.00,0.00,0.00,0.00,0.00,1.67,6.67,0.00,0.00,0.00,0.00,0.00,0.00,0.00,0.00,0.00,0.00,0.00,Matches
396,Filipe Soares,pt POR,MF,Farense,25-208,1999,5,3,204,2.3,0.00,0.00,0.00,0.00,0.00,0.00,0.00,0.00,0.04,0.04,0.00,0.04,1.74,4.35,0.43,0.00,0.00,0.00,0.00,0.00,0.04,0.00,0.04,0.04,0.04,Matches
397,Lucas Soares,br BRA,MF,Santa Clara,26-224,1998,12,5,501,5.6,0.00,0.00,0.00,0.00,0.00,0.00,0.54,0.00,0.05,0.05,0.04,0.09,1.96,2.14,4.11,0.00,0.00,0.00,0.00,0.00,0.05,0.03,0.08,0.05,0.08,Matches
398,Rafa Soares,pt POR,DF,Famalic�o,29-219,1995,7,6,544,6.0,0.00,0.00,0.00,0.00,0.00,0.00,0.33,0.00,0.02,0.02,0.08,0.10,1.00,3.17,5.50,0.00,0.00,0.00,0.00,0.00,0.01,0.09,0.10,0.01,0.10,Matches
399,Djibril Soumar�,sn SEN,MF,Nacional,21-342,2003,4,2,240,2.7,0.00,0.00,0.00,0.00,0.00,0.00,0.37,0.00,0.04,0.04,0.00,0.04,0.37,5.19,1.11,0.00,0.00,0.00,0.00,0.00,0.02,0.00,0.02,0.02,0.02,Matches
400,Andr� Sousa,pt POR,"MF,DF",Nacional,34-158,1990,3,0,54,0.6,0.00,0.00,0.00,0.00,0.00,0.00,1.67,0.00,0.00,0.00,0.17,0.17,1.67,5.00,1.67,0.00,0.00,0.00,0.00,0.00,0.00,0.19,0.19,0.00,0.19,Matches
401,Dyego Sousa,pt POR,FW,Nacional,35-091,1989,1,0,28,0.3,0.00,0.00,0.00,0.00,0.00,0.00,0.00,0.00,0.00,0.00,0.00,0.00,0.00,0.00,3.33,0.00,0.00,0.00,0.00,0.00,0.00,0.00,0.00,0.00,0.00,Matches
402,Miguel Sousa,pt POR,MF,Casa Pia,26-086,1998,9,5,399,4.4,0.00,0.00,0.00,0.00,0.00,0.00,0.00,0.00,0.09,0.09,0.14,0.23,1.82,6.14,4.77,0.00,0.00,0.00,0.00,0.00,0.08,0.13,0.22,0.08,0.22,Matches
403,Valentim Sousa,pt POR,FW,Rio Ave,19-304,2005,2,0,68,0.8,0.00,0.00,0.00,0.00,0.00,0.00,0.00,0.00,0.13,0.13,0.00,0.13,2.50,0.00,6.25,0.00,0.00,0.00,0.00,0.00,0.15,0.00,0.15,0.15,0.15,Matches
404,Vasco Sousa,pt POR,MF,Porto,21-255,2003,8,4,319,3.5,0.00,0.00,0.00,0.00,0.00,0.00,0.29,0.00,0.23,0.23,0.09,0.29,1.14,6.00,2.86,0.00,0.00,0.00,0.00,0.00,0.22,0.07,0.29,0.22,0.29,Matches
405,Gabriel Airton de Souza,br BRA,"FW,MF",Moreirense,28-260,1996,13,4,575,6.4,0.31,0.16,0.47,0.31,0.00,0.00,0.00,0.00,0.16,0.16,0.03,0.19,2.81,0.94,5.94,0.31,0.16,0.47,0.31,0.47,0.16,0.02,0.19,0.16,0.19,Matches
406,Jerry St. Juste,nl NED,DF,Sporting CP,28-056,1996,5,1,205,2.3,0.00,0.00,0.00,0.00,0.00,0.00,0.00,0.00,0.13,0.13,0.00,0.13,0.43,10.9,0.43,0.00,0.00,0.00,0.00,0.00,0.13,0.00,0.13,0.13,0.13,Matches
407,Max Svensson,es ESP,"FW,MF",Casa Pia,,,13,6,569,6.3,0.00,0.16,0.16,0.00,0.00,0.00,0.16,0.00,0.22,0.22,0.10,0.32,1.90,1.75,4.60,0.00,0.16,0.16,0.00,0.16,0.22,0.10,0.32,0.22,0.32,Matches
408,Morlaye Sylla,gn GUI,"FW,MF",Arouca,26-140,1998,13,11,962,10.7,0.09,0.00,0.09,0.09,0.00,0.00,0.19,0.00,0.19,0.19,0.05,0.23,2.24,4.49,4.39,0.09,0.00,0.09,0.09,0.09,0.19,0.04,0.23,0.19,0.23,Matches
409,Sidnei Tavares,pt POR,MF,Moreirense,23-076,2001,11,7,602,6.7,0.00,0.00,0.00,0.00,0.00,0.00,0.45,0.15,0.01,0.01,0.04,0.06,0.90,2.99,0.75,0.00,0.00,0.00,0.00,0.00,0.01,0.05,0.06,0.01,0.06,Matches
410,Duplexe Tchamba,cm CMR,DF,Casa Pia,26-157,1998,6,6,518,5.8,0.17,0.00,0.17,0.17,0.00,0.00,0.34,0.00,0.02,0.02,0.00,0.02,0.34,4.14,0.00,0.17,0.00,0.17,0.17,0.17,0.01,0.00,0.02,0.01,0.02,Matches
411,Jo�o Teixeira,pt POR,MF,Gil Vicente FC,30-312,1994,6,0,73,0.8,0.00,0.00,0.00,0.00,0.00,0.00,0.00,0.00,0.00,0.00,0.00,0.13,2.50,0.00,5.00,0.00,0.00,0.00,0.00,0.00,0.05,0.02,0.06,0.05,0.06,Matches
412,Jorge Teixeira,pt POR,DF,AVS Futebol,38-109,1986,7,3,307,3.4,0.00,0.00,0.00,0.00,0.00,0.00,0.29,0.29,0.21,0.21,0.00,0.21,0.00,1.18,0.29,0.00,0.00,0.00,0.00,0.00,0.22,0.00,0.22,0.22,0.22,Matches
413,Nigel Thomas,nl NED,"FW,MF",Nacional,23-317,2001,8,7,539,6.0,0.17,0.00,0.17,0.17,0.00,0.00,0.50,0.00,0.08,0.08,0.18,0.27,2.17,1.67,5.67,0.17,0.00,0.17,0.17,0.17,0.08,0.18,0.27,0.08,0.27,Matches
414,Demir T?knaz,tr TUR,MF,Rio Ave,20-119,2004,8,5,433,4.8,0.00,0.21,0.21,0.00,0.00,0.00,0.42,0.00,0.04,0.04,0.25,0.29,0.42,3.75,0.63,0.00,0.21,0.21,0.00,0.21,0.05,0.24,0.29,0.05,0.29,Matches
415,Toman�,pt POR,FW,Farense,32-052,1992,5,4,362,4.0,0.25,0.00,0.25,0.25,0.00,0.00,0.25,0.00,0.17,0.17,0.03,0.20,1.00,1.00,3.25,0.25,0.00,0.25,0.25,0.25,0.17,0.03,0.21,0.17,0.21,Matches
416,Tom�,pt POR,GK,Boavista,17-364,2006,2,2,180,2.0,0.00,0.00,0.00,0.00,0.00,0.00,0.50,0.00,0.00,0.00,0.00,0.00,0.00,0.00,0.00,0.00,0.00,0.00,0.00,0.00,0.00,0.00,0.00,0.00,0.00,Matches
417,Jo�o Tom�,pt POR,"MF,DF",Rio Ave,21-306,2003,6,3,270,3.0,0.00,0.00,0.00,0.00,0.00,0.00,0.00,0.00,0.00,0.00,0.07,0.07,1.67,3.00,3.67,0.00,0.00,0.00,0.00,0.00,0.00,0.06,0.06,0.00,0.06,Matches
418,Mirko Topi?,rs SRB,MF,Famalic�o,23-313,2001,13,13,1.149,12.8,0.00,0.00,0.00,0.00,0.00,0.00,0.08,0.00,0.02,0.02,0.02,0.04,0.86,4.84,1.17,0.00,0.00,0.00,0.00,0.00,0.02,0.02,0.04,0.02,0.04,Matches
419,Diogo Travassos,pt POR,DF,Estrela,20-258,2004,5,3,315,3.5,0.00,0.00,0.00,0.00,0.00,0.00,0.00,0.00,0.00,0.00,0.00,0.03,3.14,2.86,2.86,0.00,0.00,0.00,0.00,0.00,0.01,0.01,0.02,0.01,0.02,Matches
420,Alfonso Trezza,uy URU,"FW,MF",Arouca,25-175,1999,13,8,778,8.6,0.12,0.12,0.23,0.12,0.00,0.00,0.23,0.00,0.15,0.15,0.13,0.28,1.86,0.93,6.28,0.12,0.12,0.23,0.12,0.23,0.15,0.12,0.27,0.15,0.27,Matches
421,Francisco Trinc�o,pt POR,"FW,MF",Sporting CP,24-351,1999,13,13,1.114,12.4,0.24,0.65,0.89,0.24,0.00,0.00,0.00,0.00,0.38,0.38,0.31,0.69,3.63,4.52,7.66,0.24,0.65,0.89,0.24,0.89,0.38,0.31,0.69,0.38,0.69,Matches
422,Anatolii Trubin,ua UKR,GK,Benfica,23-135,2001,12,12,1.08,12.0,0.00,0.00,0.00,0.00,0.00,0.00,0.00,0.00,0.00,0.00,0.00,0.00,0.00,0.00,0.00,0.00,0.00,0.00,0.00,0.00,0.00,0.00,0.00,0.00,0.00,Matches
423,Ulisses,br BRA,DF,Nacional,25-077,1999,10,10,874,9.7,0.10,0.00,0.10,0.10,0.00,0.00,0.41,0.10,0.08,0.08,0.00,0.08,0.62,1.75,0.10,0.10,0.00,0.10,0.10,0.10,0.08,0.00,0.08,0.08,0.08,Matches
424,Alan Varela,ar ARG,MF,Porto,23-163,2001,12,11,908,10.1,0.00,0.10,0.10,0.00,0.00,0.00,0.40,0.00,0.03,0.03,0.07,0.11,0.69,7.13,1.19,0.00,0.10,0.10,0.00,0.10,0.03,0.07,0.10,0.03,0.10,Matches
425,Bruno Varela,cv CPV,GK,Vit�ria,30-040,1994,13,13,1.17,13.0,0.00,0.00,0.00,0.00,0.00,0.00,0.15,0.00,0.00,0.00,0.00,0.00,0.00,0.00,0.00,0.00,0.00,0.00,0.00,0.00,0.00,0.00,0.00,0.00,0.00,Matches
426,Nilton Varela,pt POR,"DF,MF",Estrela,23-203,2001,13,13,1.065,11.8,0.00,0.17,0.17,0.00,0.00,0.00,0.08,0.00,0.03,0.03,0.09,0.12,1.27,2.03,3.90,0.00,0.17,0.17,0.00,0.17,0.02,0.10,0.12,0.02,0.12,Matches
427,Danilo Veiga,pt POR,"DF,MF",Estrela,22-080,2002,11,10,940,10.4,0.00,0.19,0.19,0.00,0.00,0.00,0.29,0.00,0.07,0.07,0.13,0.20,1.15,2.50,3.65,0.00,0.19,0.19,0.00,0.19,0.07,0.13,0.21,0.07,0.21,Matches
428,Eric Veiga,lu LUX,"MF,FW",AVS Futebol,27-300,1997,4,2,146,1.6,0.00,0.00,0.00,0.00,0.00,0.00,0.00,0.00,0.00,0.00,0.00,0.00,1.88,0.00,2.50,0.00,0.00,0.00,0.00,0.00,0.02,0.01,0.03,0.02,0.03,Matches
429,Jhon Vel�squez,co COL,"FW,MF",Farense,29-226,1995,2,0,15,0.2,0.00,5.00,5.00,0.00,0.00,0.00,0.00,0.00,0.00,0.00,2.00,2.00,0.00,10.0,10.0,0.00,6.00,6.00,0.00,6.00,0.14,2.38,2.52,0.14,2.52,Matches
430,Ricardo Velho,pt POR,GK,Farense,26-116,1998,13,13,1.17,13.0,0.00,0.00,0.00,0.00,0.00,0.00,0.00,0.00,0.00,0.00,0.00,0.00,0.00,0.00,0.00,0.00,0.00,0.00,0.00,0.00,0.00,0.00,0.00,0.00,0.00,Matches
431,Frederico Ven�ncio,pt POR,DF,Santa Clara,31-314,1993,12,10,904,10.0,0.00,0.00,0.00,0.00,0.00,0.00,0.10,0.00,0.01,0.01,0.02,0.03,0.20,2.10,0.00,0.00,0.00,0.00,0.00,0.00,0.01,0.02,0.03,0.01,0.03,Matches
432,Paulo Victor,br BRA,"MF,DF",Farense,23-245,2001,8,4,429,4.8,0.00,0.00,0.00,0.00,0.00,0.00,0.42,0.00,0.06,0.06,0.04,0.10,0.83,2.08,3.75,0.00,0.00,0.00,0.00,0.00,0.07,0.04,0.11,0.07,0.11,Matches
433,Fabio Vieira,pt POR,"FW,MF",Porto,24-198,2000,7,5,418,4.6,0.22,0.22,0.43,0.22,0.00,0.00,0.22,0.00,0.13,0.13,0.09,0.22,0.22,6.09,5.22,0.22,0.22,0.43,0.22,0.43,0.13,0.09,0.22,0.13,0.22,Matches
434,Gabriel Vieira,br BRA,FW,Santa Clara,22-267,2002,12,12,989,11.0,0.18,0.18,0.36,0.18,0.00,0.00,0.09,0.00,0.29,0.29,0.11,0.40,2.55,1.45,6.09,0.18,0.18,0.36,0.18,0.36,0.29,0.11,0.40,0.29,0.40,Matches
435,Mikel Villanueva,ve VEN,DF,Vit�ria,31-244,1993,7,6,540,6.0,0.00,0.00,0.00,0.00,0.00,0.00,0.67,0.00,0.05,0.05,0.00,0.05,0.33,2.00,0.00,0.00,0.00,0.00,0.00,0.00,0.04,0.00,0.04,0.04,0.04,Matches
436,Marcos Vinicios Sorriso,br BRA,FW,Famalic�o,23-295,2001,8,7,485,5.4,0.56,0.19,0.74,0.56,0.00,0.00,0.00,0.00,0.26,0.26,0.15,0.43,1.67,1.85,5.74,0.56,0.19,0.74,0.56,0.74,0.26,0.16,0.42,0.26,0.42,Matches
437,Vin�cius,br BRA,"FW,MF",Santa Clara,25-221,1999,13,12,903,10.0,0.60,0.10,0.70,0.60,0.00,0.10,0.30,0.00,0.59,0.52,0.12,0.63,2.00,2.60,4.50,0.60,0.10,0.70,0.60,0.70,0.59,0.12,0.71,0.51,0.63,Matches
438,Bernardo Vital,pt POR,MF,Estoril,23-351,2000,1,0,31,0.3,0.00,0.00,0.00,0.00,0.00,0.00,0.00,0.00,0.00,0.00,0.00,0.00,0.00,3.33,0.00,0.00,0.00,0.00,0.00,0.00,0.03,0.00,0.03,0.03,0.03,Matches
439,Z� Vitor,br BRA,DF,Nacional,23-309,2001,12,12,1.08,12.0,0.00,0.00,0.00,0.00,0.00,0.00,0.25,0.00,0.12,0.12,0.01,0.13,0.42,2.33,0.08,0.00,0.00,0.00,0.00,0.00,0.12,0.01,0.13,0.12,0.13,Matches
440,Marious Vrousai,gr GRE,"DF,MF",Rio Ave,26-165,1998,12,12,1.08,12.0,0.08,0.08,0.17,0.08,0.00,0.00,0.25,0.00,0.12,0.12,0.07,0.18,2.00,4.08,4.33,0.08,0.08,0.17,0.08,0.17,0.12,0.07,0.19,0.12,0.19,Matches
441,Ilija Vukoti?,me MNE,MF,Boavista,25-342,1999,12,10,821,9.1,0.22,0.00,0.22,0.22,0.00,0.00,0.33,0.11,0.18,0.18,0.02,0.20,0.88,5.27,1.65,0.22,0.00,0.22,0.22,0.22,0.17,0.02,0.20,0.17,0.20,Matches
442,Wendell,br BRA,DF,Porto,31-147,1993,1,0,23,0.3,0.00,0.00,0.00,0.00,0.00,0.00,0.00,0.00,0.33,0.33,0.00,0.33,3.33,3.33,0.00,0.00,0.00,0.00,0.00,0.00,0.47,0.00,0.47,0.47,0.47,Matches
443,Weverson,br BRA,DF,Arouca,24-162,2000,6,4,283,3.1,0.00,0.00,0.00,0.00,0.00,0.00,0.32,0.00,0.00,0.00,0.10,0.10,1.29,1.29,5.81,0.00,0.00,0.00,0.00,0.00,0.01,0.10,0.11,0.01,0.11,Matches
444,Xeka,pt POR,MF,Estoril,30-034,1994,3,2,130,1.4,0.00,0.00,0.00,0.00,0.00,0.00,0.71,0.00,0.00,0.00,0.00,0.00,0.00,1.43,0.71,0.00,0.00,0.00,0.00,0.00,0.00,0.00,0.00,0.00,0.00,Matches
445,G�ven Yal�?n,tr TUR,FW,Arouca,25-331,1999,7,3,271,3.0,0.00,0.33,0.33,0.00,0.00,0.00,0.67,0.33,0.23,0.23,0.13,0.37,1.33,1.00,6.33,0.00,0.33,0.33,0.00,0.33,0.23,0.14,0.37,0.22,0.36,Matches
446,Zaydou Youssouf,km COM,MF,Famalic�o,25-156,1999,13,13,1.064,11.8,0.17,0.00,0.17,0.17,0.00,0.00,0.34,0.00,0.14,0.14,0.05,0.19,0.51,3.73,1.86,0.17,0.00,0.17,0.17,0.17,0.14,0.05,0.18,0.14,0.18,Matches
447,Yassir Zabiri,ma MAR,"FW,MF",Famalic�o,19-295,2005,4,0,48,0.5,0.00,0.00,0.00,0.00,0.00,0.00,0.00,0.00,0.00,0.00,0.00,0.00,0.00,4.00,8.00,0.00,0.00,0.00,0.00,0.00,0.00,0.00,0.00,0.00,0.00,Matches
448,Rodrigo Zalazar,uy URU,"MF,FW",Braga,25-124,1999,7,5,448,5.0,0.40,0.60,1.00,0.40,0.00,0.00,0.60,0.00,0.28,0.28,0.46,0.74,5.00,5.40,6.20,0.40,0.60,1.00,0.40,1.00,0.28,0.46,0.74,0.28,0.74,Matches
449,Vin�cius Zanocelo,br BRA,MF,Estoril,23-319,2001,12,12,1.063,11.8,0.00,0.00,0.00,0.00,0.00,0.00,0.42,0.00,0.03,0.03,0.01,0.03,0.34,4.15,0.76,0.00,0.00,0.00,0.00,0.00,0.03,0.01,0.03,0.03,0.03,Matches
450,Ivan Zlobin,ru RUS,GK,Famalic�o,27-282,1997,12,12,1.08,12.0,0.00,0.00,0.00,0.00,0.00,0.00,0.17,0.00,0.00,0.00,0.00,0.00,0.00,0.00,0.00,0.00,0.00,0.00,0.00,0.00,0.00,0.00,0.00,0.00,0.00,Matches
451,Nermin Zoloti?,ba BIH,DF,Casa Pia,31-160,1993,7,7,626,7.0,0.00,0.00,0.00,0.00,0.00,0.00,0.57,0.00,0.00,0.00,0.00,0.00,1.29,4.14,0.00,0.00,0.00,0.00,0.00,0.00,0.00,0.00,0.00,0.00,0.00,Matches
